307,###,Sura. 2: Matengenezo ya hotuba
308,###,UTANGULIZI
309,###,&quot;Kudokeza&quot; ni kuongea kile tulicho jifunza katika somo letu la maandiko matakatifu na kisha unaliweka katika utaratibu kama inavyo takiwa na kwa njia inayo faa  kwa hiyo tunaweza kulielewa  na kulielezea vizuri.kudokeza itamwezesha mhubiri na mwalimu kushirikisha ujuzi kwa wengine kwa undani zaidi na kwa  njia isio na kosa.Kumbuka kwamba maandiko matakatifu ni chanzo cha mafundisho ya mkristo; yote tunayo fanya ni kulizibua andiko na kumwaga wosia wa Mungu wenye thamani kuu kwa ajili ya kuywesha wote. 
310,###,&quot;Kwa nini tufanye dondoo? Uunganishaji ni wa mhimu sana kwa mawasiliano ya injili na dondoo ni vifaa vya asili vya uunganishaji. Hakuna shotikati kwa mafundisho mazuri ya kiBibilia. Kutoa dondoo itakuwa msingi wako kumaanisha uzalishaji bora&comm;Biblia ni kituo cha masomo&comm;mazungumzo&comm;hotuba&quot;
311,###,&quot;Kuna aina kuu tatu za hotuba&comm; Yakuelezeka&comm;yakifungu&comm;yakimada.ingesemwa&comm; na kuwa na habari nyingi&comm; kwa hiyo yakifungu na yakimada  zinatofautiana kabisa na hotuba yenyekuelezeka.
312,###,Hotuba zinazoelezeka ni zile ambazo katika somo&comm;migawanyo mikuu na habari nyingi zimepatikana kutoka kwenye kifungu. 
313,###,&quot;Hotuba inayoelezeka inahusishwa na &quot;kifungu cha maneno&quot; badala ya msitari usio halisi. Muundo huu wa hotuba unaweza kuwa njia ya uhakika kwa ufasiri maalumu na uwakilishaji wa andiko.Elimu ya mahubiri III itatoa  njia thahiri kwenye hotuba inayoelezeka.&quot;
314,###,Hotuba za kifungu nizile ambazo somo na migawanyo mikuu vimepatikana kutoka kifungu. 
315,###,&quot;Hotuba ya kifungu ni hotuba inayo elezeka na ya mifano midogo inayo ishia na mistari michache&comm;au sehemu ya mstari&comm;lakini sio paragirafu zima.Hatakama hotuba ya kifungu inaishia na mistari michache kuliko hotuba inayo elezeka&comm;somo huja kutoka Biblia na kila pointi kuu huja kutoka mistari hiyo.ndiyo kuna upungufu wa vifaa kutoka kile tunacho pata cha kusaidia&comm;lakini bado inawezekana.hotuba ya kifungu nikama fupi na yenye muundo wa hotuba ya kuelezeka na huishia na mistari michache tu mstari au sehemu ya msitari&comm;lakini bado inaelezea kile ambacho ni sehemu fupi ya andiko.thamani ya hotuba ya kifungu ni katika kushughulika na sehemu iliopangika ya andiko lenye thamani kwa ajili ya mpangilio unaowakilishwa.&quot; 
316,###,Hotuba za kimada ni zile zizohusiana na somo pekee lililopatikana kutoka kwenye kifungu. 
317,###,Mhubiri ni chombo katika uunganishaji wa hotuba ya kimada.mada yake inavutwa kutoka kwenye kifungu&comm;lakini jinsi mada ilivyo tengenezwa imethibitishwa na mhubiri.
318,###,kudokeza katika ujumla
319,###,&quot;kwanza&comm;tazama kiini kwa ujumla &comm; kisha dhamira ndogo zinazofuata chini na dhana&comm;kama vile wapi kila wazo linaanza na linaishia&comm; na jinsi lilivyo patikana.tafuta dhamira za kikanuni na zilizo pangwa kwa utaratibu wa kila wazo linalo fuata chini ; kisha&comm;utakapo ona kanuni nyingine/dhamira ya msingi&comm; unaweza kuiweka katika aina inayo fuata au sehemu. &quot;
320,###,&quot;dondoo kimsingi ni msaada wa kuweka miongozo na sababu za hotuba yako katika utaratibu&comm;rahisi kutumia na rahisi kusoma tokeo.Itakusaidia wewe kama mhubiri na wengine kama wasikiaji kutambua mawazo ya jumla na mawazo ya ufunguo wa hotuba yako.fikira ya msingi ni kwa ajili yako kufafanua wazo kuu na kisha mawazo tegemezi. &quot;
321,###,Wazo kuu: Dondoo ilioelekezwa kwa aina yake huhusika na kila wazo saidizi hutumia tokeo lililo hesabiwa kwa kushushwa ili kuweka habari. 
322,###,&quot;Wazo la kujitegemea:Namba ni mbonyezo wa maantiki na ilikuonyesha viwango mbalimbali wa uhusiano saidizi (mawazo ya kuandikwa katika kuandika kwa utaratibu wa habari)kutoka wazo kuu kwa point zinazofuata kutoka mawazo makuu).&quot;
323,###,Wazo la kujitegemea:Litazame kama &quot;usanifu wa habari&quot; kutoka kwenye wazo lako kuu&comm;kisha mawazo ya kujitegemea&comm;na katika kila aina ya wazo saidizi na kwa habari zaidi.  
324,###,Jinsi ya kupanga na kuweka dondoo:kimsingi&comm;unatengeneza fremu au mifupa pamoja na vitu vinavyo fuata kama nyama (wazo kuu la jumla):
325,###,KIFUNGU: Msingi wa hotuba yeyote.Sehemu gani ya andiko unayo enda kuhubiri?
326,###,DHAMIRA: Hotuba yako ni sentesi moja. (Yamkini imekamilika mwishoni kwenye harakati za maandalizi ya hotuba. Ingehitimisha na kichwa cha habari.&quot;)
327,###,UTANGULIZI:
328,###,Neno la utangulizi HUANDAA wasikiaji kwa ajili ya kile kitakacho semwa.
329,###,MWILI:
330,###,INCHA KUBWA MOJA
331,###,WAZO DOGO LINALO FUATA CHINI &quot;A&quot;
332,###,WAZO DOGO LINALO FUATA CHINI &quot;B&quot;
333,###,INCHA KUBWA YA PILI
334,###,WAZO DOGO LA CHINI &quot;A&quot;
335,###,WAZO DOGO LA CHINI&quot;B&quot;
336,###,INCHA KUBWA YA TATU
337,###,WAZO DOGO LA CHINI &quot;A&quot;
338,###,WAZO DOGO LA CHINI&quot;B&quot;
339,###,HITIMISHO:Kupitia&comm; kimhitasari&comm; na kuita kwenye kitendo. Katika hitimisho unaweza KUKUMBUSHIA wasikiaji kwa kile ulicho sema.
340,###,kutoa mhitasari&comm;kama shughuli yeyote mpya&comm;itachukua zoezi.kushikiliwa na bila kuvunja moyo itachukua mda na mazoezi! 
341,###,Hotuba ya kifungu
342,###,Ni aina gani hii ya hotuba?
343,###,Gibbs katika kitabu chake&comm; Mhubiri na mahubiri yake&comm;anasema kwamba hotuba ya kifungu isio badilika ya kuchagua mistari&comm;au hata sehemu ya msitari kama kifungu. 
344,###,&quot;Baada ya kusudi au somo la msitari au misitari imesha gundulika na ilianza katika maneno ya mtu moja&comm;lazima iwe imechanga nuliwa&comm;kugawanywa&comm;kufikiriwa katika mwanga wa mazingira yake kama mmoja alivyo wahi kusema&comm;kifungu pasipo mazingira ni kama kushurutisha.&quot; &quot;
345,###,&quot;Hotuba ya kifungu inafanana na aina ya hotuba inayo elezeka &comm;isipokuwa kwamba badala ya kuchagua kifungu cha maneno&comm;pamoja na mistari mingi&comm;Mhubiri amekuwa na mistari michache tu au mstari moja au sehemu ya msitari kutoka kile anacho zungumza&comm; na lazima ajichunge mwenyewe kwa kufikiria sehemu hii ya andiko kwa wasikilizaji wake. &quot;
346,###,&quot;Hili ni wazo kwa mengi kuwa ya kuvutia muundo wa maandalizi zaidi ya mbinu ya mada.ukweli wa mhimu wa kuweka akilini ni kwamba tofauti kuu ni hotuba ya kifungu na hotuba za kimada ni chanzo cha migawanyo. &quot;
347,###,&quot;Msisitizo maalumu huwekwa katika ukweli huo.katika jambo la mbinu ya kimada&comm; imeonekana kwamba kwanza somo limekuwa limethibitishwa&comm; kisha mhudumu huongeza mada ndogo zinazo fuata chini kulingana na makusudi yake mwenyewe. &quot;
348,###,&quot;Hakuna orodha ya mada ndogo ndogo pamoja na njia ya hotuba ya kifugu. Swali kiasili hufuata&comm;&quot;Nini chanzo cha migawanyo katika hotuba ya kifungu?&quot;jibu ni kwamba Biblia huyatoa kutoka kifungu kilicho chaguliwa. Kinaweza kuwa bila shaka kimethibitisha kwamba hii ita toa dondoo za maandiko zaidi.Hotuba ya kifungu ni hotuba inayo jengwa juu ya kifungu cha maandiko matakatifu.&quot;
349,###,Nini ambayo ni halisi kuhusu aina hii ya hotuba?
350,###,&quot;Kiasili&comm;hotuba ya kifungu hushikisha kuzunguka kifungu.Hiki ni kitu cha kwanza kabisa kuchaguliwa.Sio mistari yote kujipeleka yenyewe kwa huu msaada wa kujenga hotuba.Mhubiri lazima ajifunze kupata yale ambayo yata jileta yenyewe kwenye njia ya maandalizi ya hotuba. &quot;
351,###,&quot;Hii ni njia kuu yakuleta maneno halisi ya Biblia mbele ya wasikiaji&comm;Hii hutoa mamlaka ya kiungu kwa ujumbe&comm;kama ilivyo.Naimekuwa kifungu kifupi&comm;kama kupingana na kifungu kirefu cha maneno&comm;itakuwa rahisi kukumbuka au kukariri kwa ajili ya jambo hilo.&quot;
352,###,&quot;Huzalisha&comm;&quot;katika &quot;maandalizi yake ya kuhubiri&quot; inasemekana kwamba njia ya hotuba ya kifungu kwa kufunga huhusiana na hotuba inayo elezeka na msitari wa kutenganisha unaweza usiwe dhahiri kuchorwa.Katika hotuba inayoelezeka uangalifu kwa ujumla hutolewa zaidi kwenye maneno maalum au maelezo&comm;pamoja na kanuni zaidi na maelezo ya papohapo.hii&comm; kwa kweli ni kweli kwasababu katika ujumbe mrefu wa hotuba inayoelezeka na kutumika &comm;kuna maneno mengi na maelezo ya kufikiriwa.&quot;
353,###,&quot;Hasara ya njia hizi(inayoelezeka na ya kifungu) ni dhahiri; hazimudu mlolongo wa njia ya kimada.lakini zinazo faida hii kubwa katika wale ambao wanazitoa kushughulika kusiko dhahiri pamoja na dhamira ambazo huja sahihi kutoka kifungu.&quot;
354,###,&quot;Na Broudus katika &quot;maandalizi yake na ulinzi wa hotuba&comm;&quot;&quot; anasema kwamba hotuba ya kifungu iliyo undwa vizuri inafaida nyingi za hotuba ya kimada&comm;na faida nyingine kubwa ambayo ni yaundani zaidi katika kuingizwa pamoja na kifungu&comm;ilotolewa kutoka kifungu sio somo pekee lililofanywa lakini yote ni mawazo yanayo ongoza ya utengenezaji.vilevile hutoa furusa kubwa kwa ajili ya tofauti&comm;kufanya vizuri na asili.&quot;
355,###,Nini kinyume cha aina hii ya hotuba? 
356,###,&quot;Baadhi wamesema kwamba matumizi ya kifungu&comm;hasahasa ya kifungu kifupi&comm;mara zote hufisha kwa muundo wa akili nyingi ya maandiko yenyewe.wakati Biblia imepigwa mhuri kwenye vipande vipande na uvumba ulio tumiwa vibaya na mahali pasipo sitahili pa sehemu zake.tuna mfanyia msikilizaji madhara makuu.&quot;
357,###,Maana yake halisi na kusudi haliwezi kugundulika&comm;kwahiyo imesemwa&comm;kwa kuchukua maneno machache yaliyo tengwa kutoka kitabu fulani&comm;na kuyatumia kwa njia yoyote ambayo mhubiri ameitamani mwenyewe.  
358,###,&quot;Kwasababu hii&comm;umoja wa Biblia haujawa dhahiri kwa njia hii&comm;kama nipamoja na njia inayo elezeka ya mahubiri.kama vifungu vimechaguliwa hapa na kuna maandiko popote&comm;yasiyo faa kuelekeza kwa msikilizaji pamoja na umoja wa Biblia kama ilivyo.&quot;
359,###,Biblia imeweza kufanywa kuonekana kama kitabu cha vifungu vilivyo tengwa&comm; badala ya kuonekana kama ingekuwa... hai&comm;nzima&comm;na ufunuo kamili.
360,###,&quot;Hatari nyingine ni kwamba mhubiri anaweza asiwe kitu zaidi ya muwinda kifungu katika Msitu wa Biblia ya vifungu.vifungu visiwe vya kujizoeza kwa sababu ya kutafuta kielimu ya mahubiri.vifungu vya maandiko vinaweza kuwa rahisi kupatikana&comm;lakini vifungu ambavyo vinahitajika havipatikani kwa mfano wa kuviwinda.Uangalifu lazima uchukuliwe kwahiyo sio &quot;kupatia mahali&quot;maandiko kwa hotuba yako&comm; bali kupatia hotuba yako kwa andiko.&quot;
361,###,Kuifanya Biblia kama mkusanyiko halisi wa vifungu ni ujinga na ubaya;huzaa matunda yasiyo sitahili.Ina matokeo mabaya kwa mhubiri na msikilizaji.
362,###,&quot;G. Campbell Morgan alisema&comm; &quot;Kuna maelfu ya watu wamekwisha letwa juu kile kinacho funga uhusiano kwenye kanisa la Kikristo ambao yamkini hufikria upekee wa Biblia kama kitabu cha vitabu ambapo kutoka hapo ndipo hotuba huhubiriwa&comm;au ambapo hunukuliwa katika ushahidi wa sehemu ya mafundishi ya husuyo Mungu.&quot;&quot;
363,###,Morgan husema&comm;&quot;kufikirikupata hotuba inayoonekana ya kidini na kisha kuwinda kifungu fulani cha kiBiblia  juuya kile utakacho kitundikia ni upungufu mdogo wa kidini.&quot;Dr.M.B.Riddle anasema &quot;mazoea mengi yenye madhara ni ile kujifunza mafungu mengi ya maandiko kwa bidii&comm;kama haya husiki&comm; na malengo ya kimahubiri.
364,###,Kulifanya neno la Mungu kama mkusanyiko wa vifungu vya maneno ni kwa ajili ya hotuba ni kuliwekea kutokuheshimu.kulitumia kwa namna hii kanakwamba hii ndio ilikuwa tabia yake ni kuliweka mbali na ukamilifu wake na maana ya kweli.Yeyote  atafutaye ndani yake kupata kifaa kidogo cha kuokoa hotuba atajikuta mwenyewe ni upungufu wa kifaa cha hotuba nzuri. Kile anacho fikiri hukipata atashuhudia kutokufaa&comm; na mara nyingi sio sahihi.&quot;  
365,###,&quot;The danger comes when the preacher yields to the temptation to read the Word of God only that he may apply it to others. He avoids this danger by always reading Scripture first of all for his own soul&quot;s sake. &quot;
366,###,&quot;Mhubiri ambaye mara chache husoma Biblia yake isipokua kwa ajili ya aina fulani ya kusudi la kimahubiri&comm;anaweza kabisa bilakujua akajiachia mwenyewe kujifunza kwake faraghani juu ya hali ya kujifunza kiufundi pamoja na mengi ya Biblia kwa wakati wake.&quot;
367,###,&quot;Lakini mhubiri kama yule yawezekana hata halishi nafisi yake au za wengine.vifungu juu ya kile anacho hubiri havitakua vime chaguliwa katika roho sahihi&comm;hakija shikishwa katika kiwango kinacho faa.Kazi yake itakua ya kiufundi na utiifu wa haraka&comm;lakini sio ya moto&comm;yakiutu&comm;yakimatendo&comm;na ya kiroho.&quot;
368,###,Nini ambayo niyakimatendo juu ya aina hii ya hotuba?
369,###,&quot;Vifungu vyaweza kuja kwa mhubiri katika mkusanyo wa kusoma kwake kwa ujumla au cha shughuli zake za kichungaji&comm;au katika muunganiko pamoja na kujulikana kwa hali maalum juu yake.lakini  kutoka chanzo chochote vyaweza kuinuka&comm;vinatolewa kwake&comm;na kwa maana hiyo sio vya kwake.&quot;kabisa
370,###,&quot;Kama Watson alivyo sema&comm; &quot;Iko mbali zaidi kisha mmoja hujiweka mwenyewe katika njia ya vifungu kumpata &comm;badala ya yeye kujaribu kuvipata vifungu.Katika maneno mengine&comm;sio mtu kuchagua vifungu.Nikifungu[ambacho husema&comm;Mungu ]ndiye ambaye humuchagua mtu.Kama mhudumu aliyekuwa anashughulika pamoja na kujifunza&comm;au kama aliye kaa upande wa kitanda cha mgonjwa&comm;au aliyetembea katika mtaa wenye makutano&comm;ukweli ulio vikwa katika kifungu&comm;kwa ghafla ulitokea na uliotangaza upashanaji wake.Ilionekana kwake kwamba vilikutana wakati uliopita&comm; kama mmoja alivyo ingiliwa na wazo kwamba yeye amesha mjua mtu fulani kabla haja wahi kumuona&comm;na yeye atakuwa sahihi;kwa ajili ya upatanifu uliothibitishwa kati ya ule ukweli maalumu na nafsi yake mwenyewe.&quot;
371,###,&quot;Kimatendo&comm;kwa vyovyote&comm;ubora zaidi wa vyanzo vyote kutoka kile ambacho vifungu vimepatwa ni kusoma kwa moyo wa Biblia.Baadhi ya vifungu huja kwa mhubiri kwa kutokunyooka wakati anapo soma au kusikiliza hotuba za mhubiri mwingine.Vifungu pia vinaweza kupatikana kutoka hali za kuandaliwa wakati hali imeunganishwa na Mungu pamoja na kifungu fulani cha maandiko katika ufahamu wetu.&quot;
372,###,&quot;Unger&comm; katika&quot;mahubiri yanayoelezeka ya kanuni&comm;&quot;anasema kwamba&comm;&quot;ingawa mahubiri ya kifungu&comm;kama mahubiri ya kimada&comm;hupotea kutoka Biblia&comm;matumizi ya ukweli halisi wa njia hii yataelezea kile kifungu au fungu la maneno lenyewe kwa kawaida husema&comm;kupata zaidi ya kile mhubiri anataka kuchukua kutoka kile kutoa maelezo kwa mawazo yake mwenyewe au dhana.&quot;
373,###,&quot;Kama mhubiri kikwelii hupata kile ambacho kifungu kwa kawaida humaanisha&comm;yeye ni wa lazima&comm;sio wa kulazimishwa tu kukivunja juu ya maneno yake ya kuongoza au mashariti na kutumia haya kama pointi kuu ya ujumbe wake&comm;lakini lazima ahusishe kifungu kwa mazingira yake ilikufikia maana yake sahihi.&quot;
374,###,&quot;Na kama mhubiri hufanya kile ambacho anahubiri kikwelii hotuba inayo elezeka&comm;wazo la tofauti ya hotuba ya kifungu&comm;na utofauti pekee hotuba inayoelezeka kwa usafi itakuwa fupi naya kadiri na kifungu kilicho hubiriwa.&quot;
375,###,&quot;Charles Haddon Spurgeon (1834-1892)&comm;mchungaji wa Hema la  Metropolitan huko London&comm;alieitwa &quot;mfalme wa wahubiri&comm;&quot;aliye dhaniwa na wengi kuwa mhutubiaji wa aina ya kifungu&comm;na mmoja aliye bora pamoja mwenye hotuba ya kifungu.&quot;
376,###,Mfano wa hotuba ya kifungu    
377,###,KICHWA CHA HABARI:Mungu anataka nini	
378,###,KIFUNGU:Kumb  10:12-13
379,###,&quot;na sasa&comm; Israel&comm;nini ambacho Bwana Mungu wako ana hitaji kwako&comm; bali umche Bwana Mungu wako&comm;kutembea katika njia zake zote&comm;na umpende&comm;kumtumikia Bwana Mungu wako kwa moyo wako wote na kwa nafsi yako yote.13 kushika amri za Bwana&comm;na maagizo yake&comm;ambayo ninakuamru leo hii kwa ajili ya wema wako?&quot; 
380,###,&quot;Mche Bwana Mungu wako&quot;
381,###,&quot;Tembea katika njia zake zote&quot;
382,###,&quot;Mpende &quot;
383,###,&quot;Mtumikie BWANA MUNGU wako kwa moyo wako wote na kwa nafsi yako yote&quot;
384,###,&quot;Shika amri zake na sheria zake&quot;
385,###,Tofauti za hotuba ya kifungu
386,###,Ya kifungu - yakimada
387,###,Migawanyo ya hotuba imeelezwa kimada&comm;lakini imefanywa kwa kifungu.
388,###,Kifungu chenyewe bado kinatoa migawanyo ya kiasili ya hotuba.(iliofanywa kawa kifungu).
389,###,Wazo limeingizwa pamoja na migawanyo limefafanuliwa kwa kutumia maneno ambayo yanaeleza juu ya mada.(Yaliyoeleze kimada).
390,###,Wazo linakwaruza kuliko maneno ya kifungu yaliyo fanywa kwa ushupavu.
391,###,MFANO:
392,###,KIFUNGU: I Wathess. 4:4
393,###,Kwamba kila moja wenu ajue kuuweza mwili wake kwa utakatifu na heshima;
394,###,Unahitaji kujua jinsi ya kujiweza mwenyewe.
395,###,Unahitaji kujua jinsi ya kuendelea katika kristo.
396,###,Unahitaji kujua jinsi ya kujiwakilisha mwenyewe.
397,###,Maelezo ya -kifungu
398,###,Dhamira hupatikana kwenye maneno ya kifungu.
399,###,Migawnyo ya hotuba imeonyeshwa na kifungu (Uundaji wa kifungu).
400,###,Safu za mwisho a maneno huchukuliwa kiasili kutoka maneno ya kifungu.
401,###,Mfano:
402,###,KIFUNGU: Wafilp 2:12
403,###,Basi&comm;wapendwa wangu&comm;kama vile mlivyo tii sikuzote&comm;si wakati mimi nilipokuwapo tu&comm;bali sasa zaidi sana mimi nisipokuwapo&comm;utimizeni wokovu wenu wenyewe kwa kuogopa na kutetemeka. 
404,###,Wokovu unaelezea ulazima kwa kila mtu.
405,###,Kila mtu anahusika kwa ajili ya na wokovu wake mwenyewe. 
406,###,Wokovu ni sasa kwa ajili ya  kila mtu  apaswaye kuokoka.
407,###,Kukigawanya kifungu katika sehemu zake:kutoa dondoo 
408,###,&quot;Biblia imegawanyika katika vitabu&comm;milango&comm;paragirafu&comm;misitari.Lakini kutenganisha zaidi ni lazima kwa ajili ya ufahamu wa wazi na uwakilishaji wa kifungu. Tunapaswa kugawanya kifungu katika &quot;usawa na &quot;vipande usawa wa (e.&comm; kutafuna).&quot;
409,###,Gawanya kifungu katika sehemu zake.
410,###,Husianisha sehemu za kifungu
411,###,Fanya sehemu za kifungu.
412,###,MFANO 1: (Gawanya kifungu katika seshemu zake):
413,###,&quot;Luka 9:1-5 Kisha aliwaita wanafunzi wake pamoja&comm;na kuwapa uwezo na mamlaka juu ya pepo wabaya na kuponya magonjwa.2 na aliwatuma kuhubiri ufalme wa Mungu&comm;nakuponya wagonjwa.3 naye aliwaambia&comm;msichukue chochote safarini&comm;wala fimbo&comm;wala mkoba wala mkate&comm;wala fedha;wala makoti mawili.4na nyumba yoyote mtakayoingia&comm;kaeni humo&comm;mpaka mtoke mjini.5 na yeyote asipowapokea&comm;mnapo toka katika ule mji&comm;kung&quot;uteni mavumbi ya miguu yenu kwa ajili ya ushuhuda wao.&quot;
414,###,Kisha aliwaita wanafuzi wake pamoja 
415,###,Aliwaita uwezo na mamlaka 
416,###,Aliwatuma kuhubiri
417,###,kuhubiri ufalme wa Mungu
418,###,kuhubiri na kuponya...
419,###,Msichukue chochote kwa ajili ya safari 
420,###,nyumba yoyote mtakayoingia&comm; kaeni humo 
421,###,kung&quot;uteni mavumbi toka miguuni mwenu kwa ajili ya ushuhuda wao 
422,###,MFANO 2: Uliofanywa (husianisha sehemu za vifungu na zifanye sehemu za kifungu):
423,###,LENGO:&quot;Agizo la kiuinjilisti&quot;
424,###,KIFUNGU: Luka 9:1-5
425,###,JIBU NA KWENDA
426,###,Kisha aliwaita wanafunzi wake pamoja 
427,###,aliwapa uwezo na mamlaka
428,###,aliwatuma kuhubiri
429,###,SEMA NA KUTENDA
430,###,kuhubiri ufalme wa Mungu 
431,###,hubiri na kuponya...
432,###,KUPOKEA NA KUTOA
433,###,Msichukue chochote kwa ajili ya safari
434,###,nyumba yoyote mtakayo ingia&comm; kaeni humo
435,###,kung&quot;teni mavumbi toka miguuni mwenu kwa ajili ya ushuhuda wao
436,###,Dondoo za kimada
437,###,Jinsi gani dondoo za kimada ni tofauti na dondoo za kifungu?
438,###,Iliopatikana kwenye dhamira au mada ya kifungu&comm;kidogo kuliko maneno ya kifungu.
439,###,Dhamira iliojitokeza katika hotuba ya kifungu.
440,###,Migawanyo ya hotuba ilioundwa na mhubiri(ambayo ingejengewa juu ya dhamira)
441,###,Kifungu kwa asili kingependekeza dhamira.
442,###,Faida za hotuba ya kimada
443,###,Inaruhusu kwa ajili ya ukamilifu wa usemaji.  (Kama shabaha ya kuhubiri ni kufanya hotuba kuwa kazi ya sanaa&comm;iache ifanywe kimada.
444,###,Inaruhusu kipimo kamili cha dhamira. (Kifungu kimoja marachache hufanya hivi.)
445,###,Inafundisha akili kupanua mtazamo.   (Roho ya maneno ni kile ambacho tungelenga kuleta kwenye nuru&comm;nasio kama maneno matupu.)
446,###,Dhamira inawezakuwa imechaguliwa kwanza&comm; kisha kifungu kinaweza kuchaguliwa&comm; kile kinacho ungana na ile dhamira.
447,###,Utengenezaji wa hotuba ya kimada
448,###,Mtindo wake.
449,###,YA USEMAJI  (Umoja&comm; ya uwiano&comm; ya kusisitiza&comm;ya utamu wa sauti  [Tazama maandishi mawili ya kiingereza juu ya &quot;kanuni za usemaji])
450,###,YENYE SIMULIZI (Furusa kwa ajili ya picha za maelezo&comm; &quot;na habari&quot;.)
451,###,YA KIMATENDO  (Huinua kwa matendo yenye mafanikio kufikia hitimisho lililo fafanuliwa vizuri.)
452,###,WENYE KUSHAWISHI(huishia mhitasari mfupi&comm;matendo&comm; na yenye kusemwa kwa bidii.)
453,###,Chanzo cha hoja kingekuwa kinapatikana katika kila hotuba.  Tendo lingekuwa ndio shabaha yetu. Kihusishi lazima kiandaliwe ili kuleta tendo maalum.
454,###,Wazi kabisa&comm; matendo elekezi yangepatikana katika kila hotuba. hotuba isingepungukiwa vitendo.   mkutano wa ibada haupaswi kunyimwa vitendo.
455,###,Pasipo uwazi&comm; vitendo elekezi mhubiri hufanya kidogo kuliko  risasi tupu za moto; yeye hutualika kwenye sikukuu kidogo kuliko kutupa changa moto kwenye kupambana.T. Harwood Pattison
456,###,Mpango wake.
457,###,YENYE KUENDELEA  (Pointi zimeonyeshwa&comm;zimefikiwa&comm;na zimechunguzwa.)
458,###,YENYE KURUHUSU (Kila sehemu ya &quot;kito cha thamani&quot; imeshikiliwa katika mwanga.)
459,###,Kuangalia.
460,###,&quot;Kwa uangalifu nenda juu ya kifungu angalia kile kinachoendelea juu yake&comm;kwamba&quot;nani&comm;nini&comm;wapi&comm;lini&comm;jinsi gani&comm;na kwanini&comm;&quot;&quot;Hii itavuta kweli kutoka inje kwa asili ya maandiko na itasaidia kuepuka kiburi na hoja za uongo.acha neno la Mungu lijizungumzie lenyewe.&quot;&quot;
461,###,Soma kifungu katika mazingira yake nyakati kadhaa.Kwa mfano&comm;kama unajifunza kitabu cha Yohana&comm;anza kwa kukisoma kitabu chote. 
462,###,&quot;Hakikisha unaenda katika uhusiano wako na neno la Mungu katika kiwango chenye maana.Kama unaanza kwa haraka mno&comm;kufikiri unajua kifungu cha maneno tayari&comm;hutapata utambuzi na undani kwasababu ya haraka yako itakufanya mbaya usiefaa.&quot;
463,###,Kamwe usiache kiburi chako kungandisha maono yako na kukuweka katika giza au kutoka kugundua yote unayoweza. 
464,###,Andika muhtasari kwa ajili ya kifungu katika maneno yako mwenyewe
465,###,Kisha unaweza kuanza kutafuta dhamira kuu na dhana.
466,###,Anza na utangulizi;inahitaji kutawala mada kuu au dhana ya dondoo.hii ni kanuni ya jumla/wazo ambalo linawakilisha kifungu cha maneno unayo jifunza.
467,###,Kisha andika maelezo mafupi juu ya hilo wazo.
468,###,Hakikisha yako sahihi na kifungu. 
469,###,Hakikisha unaandika mistari baadaye kwa kila wazo. 
470,###,&quot;Sura na mistari ilio ongezwa na mchapishaji na sio sehemu ya kifungu cha asili wala kuvuviwa.Kwahiyo usijilazimishe nayo.utaikuta hiyo mara kadhaa ikiondoa mawazo ya ufunguo katika wazo la katikati ambalo bado ni&quot;ni uzi&comm;&quot;ambao bado unaendelea.&quot;
471,###,Kisha orodhesha mawzo yote mbalimbali/pointi katika utaratibu.
472,###,Hii ndio pale unapo tumia &quot;Fasihi.&quot;Hii inachukua kile kina cho semwa na kupata kile kifungu kinamaanisha&comm;jinsi ya kufasiri kwa simlizi katika mazingira sahihi. 
473,###,Hapa ndio pale habari saidizi na habari zinazoendelea.Hii inaitwa mada- yako ndogo;hizi kwa kawaida huorodheshwa chini ya wazo/mada na kila kipande cha habari vilivyo orodheshwa kwa kutenganishwa.
474,###,Siku zote&comm; siku zote nenda katika  utaratibu wa kifungu.Usirukie!
475,###,Usiliwekee neno la Mungu kitu ambacho hakikuwepo&comm;au kulisoma kwa mapenzi yako kama lako.
476,###,Kila maandishi ya mada ndogo mawazo makuu kutoka kifungu cha maneno/aya. 
477,###,Wakati habari saidizi imeorodheshwa chini ya mada ndogo&comm; kuna utaratibu ambao hufuata habari inayotakiwa&comm; hasa hasa katika nyaraka.
478,###,Katika vifungu simlizi&comm;utapata pia habari za matukio zenye maantiki.kwa vyovyote &comm;simlizi za kiebrania hufanya wakati mwingine kurukia pointi.Nibora kunasa kwenye kifungu na katika kufungua&comm;mhitasari&comm;au hitimisho&comm;kuvuta usikivu kwa mazingira ya ujumla.&quot;
479,###,Kuna mawazo mawili ya kawaida ya habari ambayo inapaswa kuorodheshwa.kama kuna kipande kimoja tu cha habari kusaidia mada ndogo &comm;kwa desturi ambayo habari imehitimishiwa katika mada ndogo. 
480,###,&quot;Usijihusishe na mfumo wako ambao unahitaji kazi yako ya kanuni&comm;ambayo ni kuwakilisha kifungu katika utaratibu unaotakiwa na njia ya  utaratibu.Uwe mkweli kwa neno  la Bwana na kusudi la mwandishi wa ki Mungu ni kuu.&quot;
481,###,Mifano ya hotuba ya kimada
482,###,MADA:Safi
483,###,KIFUNGU: I Timoteo 5:22
484,###,Ulazima kwa ajili ya utakaso
485,###,Ulazima kwa ajili ya Huduma
486,###,Ulazima kwa ajili ya Usalama
487,###,MADA:Upendo pungufu
488,###,KIFUNGU: Ufunuo 2:4&comm;5
489,###,Tabia za huu upendo
490,###,Kasoro
491,###,Upungufu
492,###,Udhaifu
493,###,Sababisho la huu upendo
494,###,Upungufu wa maombi
495,###,Upungufu wa Biblia
496,###,Upungufu wa ushuhuda
497,###,Chombo cha kuchuja huu upendo
498,###,Kumbuka
499,###,Tubu
500,###,Geuka
501,###,MADA: Nafsi katika mapambano
502,###,KIFUNGU: Waefeso 6:10-18
503,###,Chanzo cha mapambano
504,###,Eneo la mapambano
505,###,Mafanikio katika mapambano
506,###,Sura 2: Mazoezi
507,###,Mazoezi kumaliza yote kutoka  &quot;Mpangilio&quot;Sura ya pili.
508,###,MAELEKEZO: Gawanya vifungu vifuatavyo katika sehemu.
509,###,Ezekiel 1:10; Kumb. 6:5; War12:1; Mat. 5:44; Mith6:16-19; Yoshua 22:15; I Wakr. 13:13; Wagal 2:20;Ufunuo 3:20; Daniel 1:8; Ruth 1:16
510,###,Jifunze maswali sehemu ya tatu:Mpangilio wa hotuba
511,###,Nini chanzo cha mafundisho ya kikiristo?
512,###,Kumbuka kwamba maandiko matakatifu ndio chanzo cha mafundisho kikiristo.
513,###,Kutoa dondoo itakuwa msingi wako kumaanisha nini?
514,###,Kutoa dondoo itakuwa msingi wako kumaanisha kuzalisha ubora&comm;Masomo ya katikati ya- Biblia&comm;  maongezi&comm; na hotuba.
515,###,Orodhesha aina tatu za hotuba na kutoa maneno machache ya kila moja wapo.
516,###,Hotuba zinazo elezeka ni zile katika somo ambalo&comm; migawanyo mikuu na wingi wa habari umeletwa toka kifungu.Hotuba za kifungu ni zile ambazo somo na migwanyo mikuu imeletwa toka kifungu.Hotuba za kimada ni zile ambazo somo pekeyake na migawanyo mikuu imepatikana toka  kifungu. 
517,###,Nini ambayo ni msingi wa kila hotuba?
518,###,KIFUNGU ni msingi wa kila hotuba.
519,###,Dhamira ni nini?
520,###,Hotuba katika sentesi moja.
521,###,Toa mfano wa kutumia namba za kirumi kwenye dondoo.
522,###,I. Pointi kubwa ya kwanza II. Pointi kubwa ya pili III. Pointi kubwa ya tatu
523,###,Jinsi gani kujifunza  kwa dondoo kama kujifunza kitu kingine mpya?
524,###,Kutoa dondoo&comm;kama shughuli yeyote mpya&comm;itachukua vitendo.
525,###,Ni nini kifungu pasipo mazingira?
526,###,Kifungu pasipo mazingira ni kama hoja tu.
527,###,Ni nini tofauti kubwa katika hotuba za kifungu kutoka hotuba za kimada?
528,###,Tofauti kubwa katika hotuba ya kifungu na hotuba za kimada ni chanzo cha migawanyo.
529,###,Nini ambayo ni chanzo cha migawanyo katika hotuba ya kifungu?
530,###,Biblia hutoa migawanyo kutoka kifungu kilicho chaguliwa.
531,###,Toa angalau vitu viwili ambavyo vinakubaliana juu ya hotuba ya kifungu.
532,###,Kwa asili&comm; hotuba ya kifungu hushikiza kuzunguka kifungu.Hii ni njia kubwa kuleta maneno ya kawaida ya Biblia mbele ya wasikiaji.hotuba nzuri ya kifungu ilio jengwa inayo faida nyingi za hotuba ya kimada.
533,###,Toa angalau vitu viwili kinyume juu ya hotuba ya kifungu.
534,###,Baadhi ya watu wameshasema kwamba matumizi ya kifungu&comm;hasa hasa vya kifungu kifupi&comm;mara nyingi hufisha kwa utengenezaji mwingi usioeleweka wa andiko lenyewe. Kwasababu hii&comm; umoja wa Biblia haujawa wazi pamoja na njia hii&comm;kama ilivyo pamoja na njia inayoelezeka ya mahubiri. Hatari nyingine ni kwamba mhubiri anaweza kuwa si kitu zaidi ya kuwa muwinda kifungu katika pori la Biblia ya vifungu.  
535,###,Katika maneno yako andika matokeo juu ya mtu ambaye husoma mara chache au kujifunza kwasababu nyingine zaidi ya kusudi la kimahubiri kumhubiria mtu fulani zaidi.
536,###,Kama mtu aweza kujikuta kabisa akijitolea udhuru kutoka kujifunza kwake faraghani  kwenye udongo ambao yeye kiufundi hunolewa na Biblia sana kwa wakati.
537,###,Ni nini ambayo ni bora kuliko mtu ambaye hujaribu kuvipata vifungu?
538,###,Nibora mtu mwenyewe kujiweka katika njia ya vifungu kumpata yeye&comm;kuliko yeye kujaribu kuvipata vifungu. 
539,###,Toa mfano wako mwenyewe wa dondoo ya hotuba ya kifungu.
540,###,&quot;I. &quot;&quot;Mche Bwana Mungu wako&quot;&quot; II. &quot;&quot;Tembea katika njia zake zote&quot;&quot; III. &quot;&quot;Mpende&quot;&quot; IV. &quot;&quot;Mtumikie Bwana Mungu wako kwa moyo wako wote na kwa nafsi yako yote&quot;&quot; V. &quot;&quot;Shika amri za Bwana na maagizo yake&quot;&quot;&quot;
541,###,Orodhesha hatua tatu za kugawanya kifungu kwenye sehemu zake.(pointi ndogo &quot;G&quot;katika maandishi.)
542,###,1. Gawanya kifungu katika sehemu zake. 2. Husianisha sehemu za kifungu.. 3.Tengeneza sehemu za kifungu. 
543,###,Ni nini ambayo kiasili ingependekeza dhamira ya hotuba ya kifungu?
544,###,Kifungu lazima kiasili kipendekeze dhamira.
545,###,Toa mfano wa faida ya hotuba ya kimada.
546,###,Huruhusu kipimo kidogo cha dhamira. (Kifungu peke yake mara chache hufanya hivi.)
547,###,Elezea ni nini iliomaanishwa kwamba hotuba ya kimada ni &quot;ya kitaaluma.&quot;
548,###,Huinua kufikia taaluma zenye mafanikio kwa hitimisho lililo fafanuliwa vema.
549,###,Je unapaswa kurukia sura ?Elezea.
550,###,Siku zote&comm;wakati wowote nenda katika utaratibu wa kifungu.usirukie! 
551,###,Ni nini aina ya watu wa matukio tunaopata katika vifungu simulizi? 
552,###,Katika vifungu simulizi&comm; utapata mlolongo wa habari za matukio.
553,###,Je ni kitu maalumu kuorodhesha pointi ndogo moja tu?Elezea
554,###,Hapana. Kuna mawazo mawili ya kawaida ya habari ambayo ingeorodheshwa.Kama kuna kipande kimoja tu cha habari kusaidia mada ndogo&comm;kwa desturi ambayo habari imehitimishiwa katika mada ndogo.
555,###,Ni nini ambayo ni kuu na ya muhimu zaidi kuliko muundo wa hotuba yako?
556,###,Kuwa mkweli katika neno la Bwana na kusudi la mwandishi wa kiungu ni kuu.
557,###,Toa mfano wako mwenyewe wa hotuba ya kimada.
558,###,MADA: KIFUNGU safi : I Timoteo 5:22 I. Usafi ni walazima kwa ajili ya utakaso II. Usafi ni walazima kwa ajili ya huduma III. Usafi ni walazima kwa ajili ya usalama
559,###,Je ulikamilisha mazoezi ya sura: ya pili? (Kugawanya mistari katika sehemu zake)
560,###,jibu lazima liwe NDIO.
561,###,Jaribio la maswali sehemu ya tatu: Uunganishaji wa hotuba
562,###,Ni nini chanzo cha mafundisho ya kikristo?
563,###,Kumbuka maandiko matakatifu ndio chanzo cha mafundisho ya kikristo.
564,###,Kutoa dondoo itakua ndio msingi wako kumaanisha nini?
565,###,Kutoa dondoo itakuwa msingi wako kumaanisha ubora wa uzalishaji&comm;masomo ya katika ya Biblia&comm; ni mazungumzo&comm;na hotuba. 
566,###,Orodhesha aina tatu za hotuba na utoe maelezo mafupi ya kila moja wapo.
567,###,Hotuba zinazoelezeka ni zile katika kile ambacho migawanyo mikuu ya somo&comm;na wingi wa habari umetolewa toka kifungu.Hotuba za kifungu ni zile ambazo somo na migawanyo mikuu imetolewa toka kifungu.Hotuba za kimada ni zile ambazo  somo pekee limevutwa toka kifungu.
568,###,Ni nini msingi wa kila hotuba?
569,###,KIFUNGU ni msingi wa kila hotuba. 
570,###,Toa mfano wa kutumia namba za kirumi kwenye dondoo.
571,###,1. Pointi kubwa ya kwanza 11.Pointi kubwa ya pili 111.Pointi kubwa ya tatu 
572,###,Ni nini kifungu pasipo mazingira?
573,###,Kifungu pasipo mazingira ni kama hoja tu.
574,###,Ni nini tofauti kubwa katika hotuba za kifungu kutoka hotuba za kimada?
575,###,Tofauti kubwa katika hotuba ya kifungu na hotuba za kimada ni chanzo cha migawanyo.
576,###,Ni nini chanzo cha migawanyo katika hotuba ya kifungu?
577,###,Biblia hutoa migawanyo katika kifungu kilicho chaguliwa.
578,###,Katika maneno yako mwenyewe andika matokeo juu ya husoma mara chache au hujifunza kwasababu nyingine kuliko kusudi la kimahubiri kumhubiri mwine zaidi.
579,###,Mtu kama huyo anaweza kajikuta kabisa akijitolea udhuru kutoka kujifunza kwake faraghani juu ya udongo ambao yeye hunolewa kiufundi na Biblia katika muda wake mwingi.
580,###,Ni nini ambayo ni bora kuliko mtu kujaribu kuvipata vifungu?
581,###,Nibora mtu kujiweka katika njia ya vifungu&comm; kumpata kuliko yeye kujaribu kuvipata vifungu.
582,###,Orodhesha hatua tatu za kugawanya kifungu katika sehemu zake. (Pointi ndogo&quot;G&quot;katika maandishi.)
583,###,1.kugawanya kifungu katika sehemu zake.2.Husianisha sehemu za kifungu.3.tengeneza sehemu za kifungu.
584,###,Ni nini ambayo kiasili ingependekeza dhamira ya hotuba ya kimada?
585,###,Kifungu kiasili lazima kipendekeze dhamira.
586,###,Je ni kitu maalumu kuorodhesha pointi ndogo moja tu?elezea.
587,###,HAPANA.Kunamawazo mawili ya kawaida ya habari ambayo yangeorodheshwa.kama kuna kipande kimoja tu cha habari kusaidia mada ndogo&comm;kwa desturi ambayo habari imehitimishiwa katika mada ndogo. 
588,###,Ni nini ambayo ni kuu na yamuhimu zaidi kuliko mfumo wa hotuba yako?
589,###,Kuwa mkweli kwa neno la Bwana na kusudi la mwandishi wa kiungu ni kuu
590,###,Sura ya 3 hitimisho
591,###,Kuna angalau aina tatu za hotuba &quot;Hitimisho.
592,###,Ufafanuzi wa &quot;hitimisho&quot;ni:Maana ya neno uamzi wa msingi juu ya mambo ya uhakika;sehemu ya  mwisho ya jambo fulani.tamko la mwisho la jambo fulani. kufunga hoja kwa mifano ya kidunia.  (Encarta Dictionary)
593,###,Mhitasari wa Hitimisho
594,###,Kusudi moja linalo wezekana kwa ajili ya hitimisho lako ingekuwa ni kupitia kwa kifupi mawazo yaliyo faulu ya hotuba yako.
595,###,Kama unahubiri kwa mda mrefu zaidi ya kile ulicho sema  wasikilizaji wako watasahau.Unaweza kutumia hitimisho lako kukumbushia wasikilizaji mawazo mhimu ya hotuba yako.Usiache kitu chochote kwenye nafasi&comm;lakini waambie wasikilizaji wako kile wanachopaswa kukumbukwa. 
596,###,Mfumo wa mhitasari
597,###,Mhitasari wenye maana ya kawaida
598,###,Mhitasari wa kimafumbo
599,###,Hitimisho husishi
600,###,Lengo la pili linalo wezekana kwa ajili ya hitimisho lako lingekua ni kuhusianisha mawazo yaliyo faulu ya hotuba yako kwa wasikilizaji wako.
601,###,matumizi haya ya hitimisho&comm;huwafanya wasikilizaji kukumbuka vya kutosha kile kilicho semwa&comm;lakini inahitaji kuonyesha jinsi gani kile kilichosemwa kinahusiana nao.Unaweza kujaribu kujibu swali&comm;&quot;Nimeshasikia kile ulicho sema&comm;lakini kwangu inahusianaje?&quot;Tafuta kusababisha wasikilizaji kujua kwamba Mungu anaongea nao kibinafisi na sio kama na jirani yao.
602,###,Hitimisho ambazo hupendekezwa kipekee huzalisha.
603,###,Hitimisho ambazo hutia mawazo ya kweli hasa kwa wasikiaji. 
604,###,Hitimisho la kutia changa moto
605,###,Lengo la tatu linalowezekana kwa ajili ya hitimisho lako lingekua kuwatia changa moto wasikilizaji wako kuwaitikia hotuba yako.
606,###,Tendo ndio lengo la hitimisho lenye kutia changa moto. Matumizi haya ya hitimisho lako hutafuta kuwatia changamoto wasikilizaji wako kwenye vitendo. Kuona kama wanakumbuka kile kilichokua kinasemwa na kujua Mungu anazungumza nao na sio kama na mtu mwingine zaidi&comm; unatafuta kuwavuvia kuitikia hotuba pamoja na vitendo.Mfano wa hii ungekuwa ni kutoa nafasi madhabahuni kuwaita wenye dhambi na kuwaita kutubu na kuwaombea Mungu bila kuchelewa. Tendo ambalo limepewa changamoto katika aina hii ya hitimisho ni ile ambayo wenye dhambi wange weza kumuomba Mungu na kuzaliwa mara ya pili. 
607,###,Sihi kwa wawekezaji wa mahali.
608,###,Sihi kwa makusudi ya juu.
609,###,Sihi kwa hisia.
610,###,Andika mhitasari na hitimisho kwenye kifungu chako cha maandiko matakatifu
611,###,Hii ndio pale unapotumia baada ya kumaliza dondoo Hii inachukua maana ya wazi na kuiweka kwenye matumizi ya vitendo. Hii ni jinsi gani nitavyo itikia kwenye neno ambalo dhambi itanifanya niwe mbaya&comm;kwa kanuni zipi nitajitoa katika kushindwa&comm; matundu yapi ya kuepuka&comm;katika matendo yapi yanayo athiri&comm;na ahadi zipi za kushika. 
612,###,Mhitasari lazima ufanywe kwanza.Kwa vyovyote&comm;unaweza kuushirikisha katika mafundisho yako mwishoni. 
613,###,Kama unachimba katika neno la Mungu&comm;utakuwa ukisikiliza sauti yake&comm;kwa hiyo unaweza kutumaini na kutii sauti yake. 
614,###,Siku zote hakikisha umejiweka chini ya ukweli wake na sio ukweli wako!;
615,###,Maarifa ya uongo huponda&comm;au hutupa kiburi. (1 Wakor. 1:8; Wakol. 2:18).
616,###,Jihadhari ule uongo au mafundisho potofu yatasababisha mabishano na mashindano.
617,###,Sura ya. 4:Matumizi maalum ya kifungu(Vizibuo)
618,###,UTANGULIZI
619,###,Maana ya vizibuo
620,###,Dikishenari ya Webster hufafanua vizibuo kama:jina.sanaa ya kupata maana ya maneno ya mwandishi&comm;ya kuielezea kwa wengine. 
621,###,Vizibuo vya kibiblia ni kujifunza ufafanuzi wa kiBiblia. Vizibuo vya kibiblia ni kufanya harakati za kufafanua maandiko kwa usahihi.  
622,###,Vizibuo hushugulika na maswala kama vile:
623,###,Ni nini ufafanuzi wa kawaida wa kifungu hiki?
624,###,Ni nini ufafanuzi&quot; rasmi&quot; wa kifungu hiki?
625,###,Ni nini ambacho mwandishi anakusudia kusema?
626,###,Ujumbe gani ambao mwandishi anakusudia kuuwasilisha?
627,###,Je ni matumizi ya neno maalum&comm;Uundaji wa kisarufi&comm;wakati wa tendo&comm;herufi&comm; umuhimu katika mfano huu? 
628,###,Nani waliokuwa wasomaji au wasikilizaji wa mwandishi&comm;kwakupitia herufi?
629,###,Jinsi gani kifungu kimefasiriwa na watu wa siku za mwandishi? 
630,###,Thamani ya vizibuo
631,###,Sio ujinga tu&comm;bali ni hatari kupotosha Biblia Uvunjivu wa kipekee kuharibu maandiko kwa makusudi. Kuna kanuni husika za kufasiri zinazo tuongoza katika ufahamu na kufundisha maandiko Hizi kanuni huhudumia kama mistari ya mipaka ambayo hulinda maelezo yetu na uwasilishaji wa wazo la kiBiblia pamoja katika vifungo.&quot; 
632,###,MIFANO YA PICHA:&quot;Kitabu cha Ibrahim kimeishia katika Lulu ya thamani kuu&comm;sauti ndogo ya vifaa vilivyo buniwa kama sehemu ya maandiko rasmi&quot;ya Kanisa la LDS.Imekubaliwa na Wa Mormons ambayo ilitafasiriwa kutoka maandiko ya kimisri na miujiza&comm;tafasiri ya &quot;karama ya kiungu&quot;na  Joseph Smith (Zama za wa Mormonism) tangu kipindi cha 1835-184Tangu kipindi cha maisha ya Smith. Maandishi mambo yakale ya kimisri yalikuwa hayajafamiwa na mabingwa wa lugha yeyote na kwahiyo Smith alijisikia huru katika tafasiri yake ya mafunjo au maandiko ya zamani ya wa misri.Miaka baada ya Smith na baada ya ugunduzi wa  Rosetta stone ambayo ulifungulia maana ya maandiko ya mababu wazamani wa misri&comm; mabingwa wa lugha waligundua Smith aliita kitabu cha Ibrahimu kilianndikwa na Ibrahimu mwenyewe kwa mkono wake kwenye mafunjo&quot;ilikuwa halisi maandiko ya kimisri.  Joseph Smith alitumia akili au kanuni ya ufasiri;yeye kwakukamilisha alitengeneza maana ya maandiko Ni uhalifu kutumia vibaya maandiko matakatifu kwa njia hii.Hatuwezi kugongagonga kwa neno la Mungu; hili ni jambo pekee ambalo Bwana amesha fanya kwa njia ya haya maandiko matakatifu. Ufunuo 22:18&comm; 1
633,###,Katika elimu ya mahubiri sehemu ya kwanza tunarejelea maswala ya maandiko matakatifu kama kifungu kilicho patiwa mahali na baadhi ya wahubiri kwa kukosea hujaribu kuyafanya maandiko yakae mahali pa elimu yao ya filosofia.Biblia haihusiki na kile tunachotaka imaanishe&comm;bali kujifunza kwetu maandiko sikuzote ingekuwa ni kungundua ujumbe wa Mungu Kufanya hivi lazima tutumie kanuni husika za vizibuo vizuri vya ufasiri na acha andiko lijisemee lenyewe 
634,###,2 Peter 1:16-21 20 Kujua hili kwanza&comm; huo si unabii wa andiko ni wa ufasiri wowote wa siri.
635,###,chanzo cha vizibuo
636,###,Katika kufasiri Biblia namba ya kanuni za ufasiri wa kifungu huhitajika.
637,###,Hizi kanuni hazikuendelezwa na wasomi wa kiBiblia.
638,###,Hizi kanuni hazikuendelezwa mahususi kwa ajili ya kujifunza Biblia au kufasiri.
639,###,Kanuni zilezile hutumiwa na wanasheria&comm; wanahisitoria&comm;wasomi wa simlizi&comm;wanamahesabu&comm; waandishi wa habari&comm;na wanataaluma.
640,###,Kanuni zilezile hutumika wakati wa kupima vifungu hiyo haina cha kufanya pamoja na dini&comm;mifumo ya maadili&comm;unyoofu&comm;nakadhalika.
641,###,Kanuni zilijengwa juu ya habari&comm;uzoefu&comm;na akili ya kawaida&comm;sio imani za kidini.
642,###,Huu sio mpango wa muundo wa kanuni zilizo pangwa  na baadhi ya jamii.Ni orodha isio rasmi ya matumizi kwa ujumla ya kanuni mbali mbali 
643,###,KANUNI YA KWANZA:KUFASIRI LAZIMA KUWEPO NA MSIMAMO NA KUTUMIKA
644,###,Njia halali na ya heshima ya kufasiri kuwa na msimamo na pasipo mashindano au ubishi.
645,###,Lazima usitawaliwe na yaliyokubaliwa kitheologia.Kama ufasiri wetu(vizibuo)vimetawaliwa na theolojia yetu&comm;ndipo Biblia inaweza kufanywa iseme kile theolojia yetu inasema. 
646,###,Lazima siku zote tumia kanuni sahihi za kufasiri ili kufahamu kipekee ukweli.Must always use the right principles of interpretation in order to properly understand the truth.
647,###,Biblia imebeba aina mbali mbali za simlizi kama vile mifano&comm;mashairi&comm;mithali&comm;istiari&comm;maombi&comm;amri za wafalme&comm;na nyaraka.Tusinge fasiri mashairi kama tafasiri Kwa mfano Nebkadreza alifanya amri ya kumkata vipande yeyote atakaye sema kinyume cha Mungu wa kweli Mhubiri anaweza kuwa amefanya vibaya kama atafuata ufasiri wa simlizi za siku za leo wa aina hii
648,###,KANUNI YA PILI:KUNA MAANA SAHIHI MOJA TU YA KIFUNGU CHA BIBLIA
649,###,Kifungu cha kinabii cha weza kuwa na mikunjo miwili ya utimilifu&comm;lakini kuna fasiri sahihi moja tu ya timilizo hizo.
650,###,Watu hujaribu kufasiri neno la Mungu kwa mawazo yao na fikira.
651,###,Biblia ni ujumbe wa Mungu kwa mtu;Mungu alijua kile alicho maanisha wakati alipompa mtu neno lake Roho mtakatifu atamsaidia mtu kufahamu neno Yohn 16:13 Mtu hata pokea ufahamu wote wa neno kwa wakati moja Kama mhubiri huomba&comm;hujifunza&comm;na kujifunza neno zaidi;Mungu atamsaidia kufahamu zaidi Mhubiri lazima angalau awe na ufahamu wa kifungu anachokusudia kuhubiri. 
652,###,KANUNI YA TATU:FASIHI SIMLIZI NI KWA KAWAIDA HUWA BORA.
653,###,Maandiko yote lazima ya chukuliwe katika simlizi yake na maana ya wazi kuruhusu tu kwa ajili ya mfano na mashauri ya vitabu.
654,###,Kila kifungu lazima kichukuliwe katika thamani ya sura yake Maritini luther aliita hii kanuni&quot;fasiri simlizi.&quot;&quot;
655,###,Hii kanuni humanisha kwamba tunasoma na kutathimini maandiko pamoja na heshima hiyo hiyo na kufahamu kwamba tunasoma kitabu chochote. 
656,###,Let scripturespeak for itself. Acha andiko lijizungumzie lenyewe.
657,###,Hakuna  vizibuo vya majanga.&quot;Ukweli ni kamili na hauhusiani na mpangilio wako wa matukio.
658,###,Hii kanuni inauhusiano maalumu katika somo la unabii.Agano la kale linabeba karibu nabii 450 kuhusu ujio wa kwanza wa Kristo. Nabii nyingi zilikuwa nakala&comm;angalau kweli sitini dhahiri za maisha ya Kristo na huduma ilio onyeshwa&comm;na zote sitini&comm;pasipo udhuru&comm;zilikuwa unabii ulotimizwa kihalisi ambao ulikuwa hauja timizwa kihalisi na mimi  sio unabii wa kweli.
659,###,Uliza swali: Mawazo gani KIHALISI hutiririka kutoka kifungu?Maana ya wazi--+ kisome kwa njia iliondikiwa.(Kuna hekima kuu katika urahisi.)
660,###,KANUNI YA INNE:SOMA KUTOKA POINTI YA MWANDISHI YA UPEO WA MACHO.
661,###,Maandiko yote lazima ya chukuliwe kutoka pointi ya upeo wa mwandishi. II Timotheo 3:16
662,###,Lazima tuwe na msaada wa Roho mtakatifu. Yohn 14:26; 16:7-13; I Wakr. 2:13
663,###,Mungu hutumia malaika kusaidia katika ufahamu. Dan. 9:20-22; Waebr 1:14; Uf 1:1
664,###,Mungu hutumia watu wa kiroho. Waefeso. 4:11&comm;12; II Petro 1:21
665,###,Maana inategemeana na aina.Mifano ya aina za kibiblia:
666,###,Aina ya mwandishi(Fikiria habari kama:Nani waliokuwa shabaha ya mwandishi?)
667,###,Paulo&comm; Petro&comm; Yohana aliependwa&comm; Musa&comm; Marko
668,###,Utafakari wa vifungu vingi vya kibiblia ni wa muhimu sana kumaanisha katika Nyaraka&comm;Injili&comm;mambo ya kiyama&comm;ya kinabii&comm;mambo ya kimafumbo&comm;mambo ya kishairi&comm;Mambo ya kihisitoria hayawezi kufanywa katika kiwango kinacho tambulika kwasababu kila kitu kimetawaliwa na kusudi tofauti
669,###,KANUNI YA TANO:MAZINGIRA NI UFUNGUO MKUU KWA UFASIRI.
670,###,Kanuni hii ya tano hufikiriwa sana&quot;majumuisho yote&quot;Mazingira huchukua katika yote sehemu moja moja ya kitu kizima.
671,###,Mazingira ya maandiko huhusisha uwekaji wa msitari pamoja katika sura yake maalum na kitabu&comm; (Kila msitari wa maandiko ni wamuhimu kwa kina&comm; lakini umuhimu wake unaweza tu kufahamika kwa kufiria madaraka yake katika aya&comm;sura&comm;kitabu&comm;au hata Biblia nzima)
672,###,Mazingira ya maandiko huhusisha habari za kihistoria kwakushawishi kwenye wakati wa kifungu kilipokua kinaandikwa&comm;na (Paulo aliwandikia waefeso&comm;Wafilipi&comm;Wakolosai&comm;na filimoni kutoka gerezani!Vilevile&comm; Paulo alizaliwa Tariso mji mkuu wa kilikia na aliishi kwenye moja ya vyoo vikuu vitatu vya mababu wa ulimwengu wa waathene na Alexandrea ni wapili.Paulo alifundishwa katika Yerusalemu chini ya Gamaliel mwalimu mkuu wa sheria za kiyahudi.Paulo alipokea elimu bora iliowezakana katika siku zake. Yeye hakuwa mpumbavu asiye na elimu.)
673,###,Mazingira ya maandiko huhusisha nafsi na tabia za wandishi.  (Tunge hukumu habari ilioandikwa najicho la shahidi tofauti kutoka habari ilioandikwa na mtu fulani pamoja na habari za mkono wa pili.)
674,###,Hatuwezi kujifunza kipekee sehemu ndogo ya kitu chochote bila fikira za uangalifu maana yote ya sehemu zake.fikiria jinsi ufahamu wako usiokamilika kuhusu vyombo vya usafiri angani ingekuwaje kama huja elimishwa katika sheria za asili.masafa ya mruko wa ndege yeyote ingekuwa siri ya milele mpaka utakapokuwa  umejifunza ndege katika &quot;muktadha&quot;wa asili ya upepo wa mazingira yake&comm;mvutano&comm;msukumo wa hewa&comm;nakadhalika
675,###,Muktadha ni jinsi neno au sentesi imewekwa katika uhusiano kwenye kifungu kizima njia nzuri ya kufahamu maana ya neno ni kuona jinsi neno hilo limetumika katika sentesi. 
676,###,MFANO 1: je ni jambo baya kumshambulia mtu?Hatungeweza kuelezea kwa usahihi haki au ubaya pasipo MUKTADHA WA ZIADA.  
677,###,MFANO 2:Tunajua Waebr 13:5 inasema kristo alituahidi&comm;&quot;sitawaacha kamwe&comm;sitawaacha&quot;kwahiyo ni nini ambayo Yesu anamaanisha &quot;Naenda zangu&quot; katika Yohn 14:2 Kama yote tunayofanya ni kufikiriI msitari wa 28 na kudharau muktadha wake&comm;tutakuwa tumelazimisha kuhitimisha kuna upinzani ulio patikana hapa bali kama tunahitimisha kwa makini muktadha wake katika somo letu&comm; tutagundua wazi rahisi kumaanisha katika Kiwango katika kile Yesu alikuwa pamoja nao(katika uwepo wa kimwili)ilikuwa inaenda kubadilika kuwa(uwepo wa kiroho).  
678,###,Ufunguo mkuu wa kusahihisha ufasiri wa kiBibilia ni kufahamu kifungu pamoja na muktadha wake.Ufahamu mkamilifu wa kitabu kifungu huchukuliwa kutoka kilicho bora.
679,###,Kifungu kilichochukuliwa inje ya mazingira ni hoja.&quot;hoja imetumika kuficha sababu ya kweli na kusudi.Kutumia andiko kama hoja ni kutumia andiko liseme kile unacho taka liseme nasio kile Mungu amesema.Kifungu kilichochukuiwa inje ya muktadha ni kuharibu andiko. 
680,###,Biblia imebeba hesabu ilovuviwa ya matukio yale yaliyo tokea na maelezo yaliyo fanywa Kwa mfano habari za kitabu cha Ayubu mazungumzo kati ya Ayubu na rafiki zake.Mazungumzo yaliyo andikwa kwa uangalifu kama yalivyo tukia&comm;lakini ushauri wa wafariji wa Ayubu haukuwa ushauri mzuri hauwezi kuhusushwa kama ulivyo.
681,###,Majaribu ya Yesu yanapatikana katika Mat 4: 1-11 inaandika Ibilis ananukuu maandiko kwa Yesu katika msitari wa. 6.Iblis alipotosha maana ya Zabr. 91:11-12 kumjaribu Yesu ajirushe kutoka mnara wa hekalu Yesu alikanusha upotoshaji wa maaandiko wa shetani kwa kujibu kwa maandiko mengine:Usimjaribu Bwana Mungu wako Kumb. 6:16  
682,###,Daniel 3:29 -Kwa hiyo natoa amri&comm; kwamba watu wote&comm;taifa&comm;na lugha&comm;ambao watasema kitu kinyume cha Mungu wa Shadraki&comm;Meshaki&comm;na Abednego&comm;watakatwa vipande&comm; na nyumba zao zitafanywa jaa:kwasababu hakuna Mungu mwingine awezaye kuokoa  namna hii.
683,###,ufafanuzi wa mukitadha wa Webster.
684,###,MUKITATHA&comm; jina. Jamii mbalimbali au tungo za mazungumzo;kwa kanuni zaidi&comm; sehemu za mazungumzo ambazo hufuata sentesi ilio nakiliwa kifungu cha maandiko ambayo yapo karibu na kifungu&comm;kabla ya kifungu au baada yake maana ya kifungu cha maandiko ambacho mara nyingi kimeelezewa kwa mukitatha. the U.
685,###,Ufunguo wa kusahihisha ufasiri wa kiBiblia ni kufahamu maana ya maandiko pamoja na mukitadha wa kifungu.
686,###,Mukitatha ni jinsi neno au sentesi inachukuliana katika uhusiano kwenye sentesi nzima au  kifungu.
687,###,Ufafanuzi wa Webster: MUKITADHA&comm; jina.  Sehemu mbalimbali au tungo za mazungumzo;kwa kauni zaidi&comm;aina za maneno katika lugha ambazo hufuata sentesi inayo fuata ilio nukuliwa;sehemu za maandiko amazo zimekaribia kifungu&comm;hata kabla yake au baada yake.maana ya sehemu ya andiko mara nyingi imeelezewa na mukitadha.
688,###,&quot;Kuchukuwa sehemu za maandiko inje ya mukitadha na kujaribu kuyaweka pamoja sio njia maalum ya kusahihisha ufasiri wa kiBiblia. Kwa mfano Biblia hutuambia kwamba Yuda alitoka na kujinyonga  (Mt. 27:5) Biblia vilevile inaweka maneno nenda nawe ukafanye vivyo hivyo  (Lk. 10:37)  Kama mtu alikuwa akijaribu kuyachukua maandiko haya mawili na kuyaweka pamoja matokeo yangekwa kwa wazi sio mazuri.&quot;
689,###,Mukitadha wa jinsi aya au kifungu kimekaa katika uhusiano na kitabu kinacho fundishiwa lazima pia  kiwe kimefikirikiwa.
690,###,Njia bora ya kufahamu maana ya neno ni kuona jinsi lile neno lilivyo tumika katika mukitadha wa sentensi.
691,###,KANUNI YA SITA:SIKU ZOTE LINGANISHA MAANDIKO KWA MAANDIKO.
692,###,Andiko siku zote hushikilia ufasiri wake lenyewe. I Wakor. 2:13 ; II Petr 1:20
693,###,Neno&comm;maelezo&comm;au wazo lazima lijifunzwe katika kitabu ambacho ndio limeandikwa&comm;na kisha katika matumizi yake katika vifungu vingine.
694,###,Endapo kifungu hakita kuwa wazi juu ya ukweli&comm;hakuna hitimisho litakalo patikana kutokana nacho mpaka vifungu vyote vinavyo husiana vimejifunzwa
695,###,II Petr 1:20 Kujua hili kwanza&comm;kwamba hakuna unabii wa andiko ni wa ufasiri usio wazi.
696,###,I Wakr 2:13 Nayo twayanena&comm; si kwa maneno yanayofundishwa .kwa hekima ya kibinadamu bali yanayofundishwa na Roho mtakatifu&comm;tukiyafasiri mambo ya rohoni kwa maneno ya rohoni. 
697,###,Maelezo ya mafundisho ya kiBiblia hayapaswi kufanywa kimsingi kwenye kifungu pekee bali maelezo ya mafundisho lazima yapitie kile maandiko yote yanasema juu ya mada.
698,###,Kulinganisha andiko na andiko ni njia nzuri  ya kupata ufahamu wa Biblia.
699,###,Njia moja ya ufasiri sahihi ni kulinganisha mistari katika Biblia na mistari mingi tofauti  ya Biblia.Andiko moja litasaidia kufasiri andiko lingine.Biblia kamwe haipingani yenyewe Biblia ni kamilifu kuanzia mwanzo hadi ufunuo.  (Katika elimu sehemu ya kwanza tulijadili thamani ya kulingaunisha andiko na andiko.)
700,###,Linganisha vifungu vya maandiko kwenye somo hilohilo.Kulinganisha vifungu vya maandiko katika somo hilohilo itakusaidia kufahamu vema hilo somo.Utaweza kupata ufahamu wakutosha wa somo kutoka Neno la Mungu.
701,###,Linganisha jinsi neno hilohilo limetumika katika maandiko tofauti.Njia nzuri ya kufahamu maana ya neno ni kuona jinsi neno hilo limetumika katika mukitadha wa vifungu tofauti vya maandiko.Kutazama  neno katika mukitadha wa vifungu mbalimbali vya maandiko itakusaidia kufahamu maana ya neno.Unatakiwa kuhakikisha kuwa unalinganisha neno la lugha ileile ya asili katika msitari moja kwenda kwenye neno la lugha hiyohiyo ya asili katika msitari mwingine.Kwa mfano neno kubali(suffer) katika Matayo&comm;3:15 ni aphiemi ambalo katika mukitadha huu humaanisha kuacha au kuruhusu;bali kubali au kuteseka katika Mark8:31 ni pascho ambalo humaanisha kuumia au kujisikia maumivu.Kwa wazi mlinganisho wa maneno haya mawili ya kingereza kuteseka au kukubali hayangeweza kukupa maana halisi ya neno la asili.Vilevile weka akilini mlinganisho wa Agano la kale na Agano jipya&comm;lakini lazima ukumbuke kwamba unashughulika na lugha tofauti kwahiyo mlinganisho halisi wa neno la asili hautakuwa rahisi.
702,###,Andiko lita jieleza lenyewe kama mistari ya Biblia imelinganishwa yenyewe kwa yenyewe. 
703,###,Neno la Mungu liko katika umoja mkamilifu katika uhusiano wake yenyewe.Mistari katika kitabu kimoja cha Biblia itaelezea kweli zilizo patikana katika mistari mingine ya Biblia.  
704,###,&quot;Andiko moja litasaidia kumwaga nuru kwenye andiko lingine na kwahiyo litakusaidia kufahamu maana sahihi ya Biblia Kwa mfano Daniel sura ya 7 inayo maono ya wanyama wanne.Msitari 17 wa sura hii unatuambia kwamba hawa wanyama ni wafalme wa nne ambao watainuka Duniani. Msitari wa mwisho hutoa ufasiri wa mistari ya mwanzo. Na mlinganisho zaidi wa Ufunuo 13:2 unatuonyesha wanyama watatu wakwanza wanaungana na mnyama moja.  Daniel 7:7&comm;19 anafafanua kwamba yule mnyama wa nne niwakutisha na niwatofauti na wengine.Mnyama wa nne kwa Daniel na mnyama wa Ufunuo 13 anawakilisha ufalme moja wa Dunia wa mpinga kristo.Wenye nguvu wote wa Dunia wanaungana kwenye wakati wa mwisho kuwa serikali moja ya Dunia. Utamalizia vifungu hivi katika darasa la unabii.   Njia pekee ya kupata ufahamu wote wa vifungu hivi ni kuvilinganisha vyenyewe kwa vyenyewe.Kifungu kimoja husaidia kufafanua kingine andiko sio jambo lakuficha ufafanuzi.&quot;
705,###,I Wakr 2:13 Nayo twayanena &comm;si katika maneno yalifundishwa katika hekima ya kibinadamu&comm;bali ni yale yaliyo fundishwa na Roho mtakatifu;tukiyafasiri mambo ya kiroho kwa mambo ya rohoni. 
706,###,&quot;Njia moja ya kujifunza Biblia ni kulinganisha andiko kwa andiko.Biblia inatuagiza kulinganisha vitu vya kiroho kwa mambo ya rohoni.Kwa kulinganisha andiko kwa andiko Biblia itaeleweka vema.Neno la Mungu litakaa pamoja kama sehemu za fumbo au mkanganyiko.Andiko moja litafasiri andiko lingine.Biblia yenyewe iko katika umoja kamili.Hakuna mapingamano katika Biblia.Kile Mungu alicho andika katika Mwanzo kitakubaliana na kile Mungu alicho andika katika Ufunuo&comm;&quot;
707,###,KANUNI YA SABA:HAKUNA MABISHANO KATIKA BIBILIA.
708,###,Haiwezakani kuwa na ubishi.
709,###,Neno la Mungu halina makosa&comm;haliwezi kupingana lenyewe.
710,###,Mahali kumeonekana ubishi&comm; ukweli bado hauja patikana endelea kutafuta.
711,###,&quot;Kuna ukamilifu na umoja usio vunjika kuanzia Mwanzo hadi Ufunuo. Wakati unapofasiri sehemu ya andiko&comm;nilazima tujifunze mukitadha wake.Sio mistari tu kabla na baada yake&comm;bali ni andiko kuanza Mwanzo hadi Ufunuo. Ufasiri wangu wa sehemu ya andiko lazima usiharibu huu umoja mkamilifu na upatanifu wa andiko. Acha andiko liwe mfasiri wake lenyewe.Kumbuka:Tunategemea toka Roho wa Mungu kufahamu neno lake (Yohn 16:13; I Wakr. 2:6-14).Muombe Mungu akuonyeshe ukweli wake (Yakb 1:5).&quot;
712,###,Wakati wakuthibitisha fundisho moja kutoka kifungu&comm;lazima  kamwe usiondoe fundisho lolote la maandiko matakatifu mahali pake
713,###,II Petro 1:20 Tabia ya kibinafisi  hufungamana &comm;yenyewe kwa yenyewe mtu moja mwenyewe;kwakuhususha&comm;kibinafisi au kujitenga:--kuwa sehemu ya inje au ndani&comm;yake yeye mwenyewe&comm;wao wenyewe.
714,###,KANUNI YA NANE:VIFUNGU VINAWEZA KUWA NAVYOTE VIWILI MATUMIZI YA KARIBU NA YA MBALI.
715,###,MATUMIZI&comm;Huonyeshwa kwenye kifungu.
716,###,Maandiko mara nyingi yana matumizi ya karibu na ya mbali.Husianisha na tukio linalokuja mda mfupi baadaye&comm;pia ikamilike kwenye matukio ya wakati ujao katika muda wa mwisho.
717,###,Kwa ajili ya ufasiri halali pamoja na matumizi ya karibu na ya mbali&comm;lazima uwazi uruhusiwe na kitabu cha mukitadha wa kifungu ambacho ni Biblia nzima.
718,###,Vifungu walioandikiwa Waisrael&comm;vya weza kuwa na maana yenye thamani kuwakilisha kanisa la leo.
719,###,Katika  mukitadha wenyewe tunajaribu kufunua 1)Maana ya asili ya kifungu;wakati katika&comm;2)Matumizi binafisi tunatafuta kupata umuhimu katika kifungu kwa ajili yetu leo.
720,###,Juhudi hizi mbili kwa pamoja hutengeneza  mzunguko wa kufasiri unaoitwa vizibuo mzunguko&quot;(Grant R. Osborne)
721,###,Ingawa tukio lililo andikwa katika maandiko lilitokea wakati wa mwanzo katika historia iliopita&comm;kanuni za vifungu vyake havina muda na uhusiano binafsi.
722,###,&quot;uhusiano kati ya maana na mihitasari mhimu ni kazi ya vizibuo.mhubiri lazima aulize jinsi mwandishi wa kiBibilia alivyo fikisha kweli za habari za Mungu za kifungu kama alikuwa anazielezea kwa kusanyiko la siku za leo.&quot;&quot; 
723,###,SOMO LINALOVUTIA&comm; ni wakati mwanafunzi wa Biblia anaporithiana na kifungu moja kwa moja kwenye muundo wa hitimisho zetu wenyewe.INDUCTIVE STUDY is when the bible student interacts with the text directly to form our own conclusions.
724,###,SOMO LILILO PUNGUZWA&comm; ni wakati mwanafunzi Biblia anaporithiana na hitimisho za wasomi wengine na kufanyia kazi kanuni zetu.(kwa msaada katika kutuondoa kutoka maana zetu za siku hizi na mazoea binafsi.)DEDUCTIVE STUDY is when the bible student interacts with other scholars&quot; conclusions and rework our findings. (helpful in taking us away from our contemporary meanings and personal experiences.)
725,###,Ni muhimu kwamba tuna rithiana na vifaa vya kiufafanuzi kwa uhakiki si kuiga mawazo ya wengine pasipo uhakiki. It is important that we interact with exegetical tools critically and not uncritically parroting other people&quot;s ideas.
726,###,PRINCPLE NINE: LANGUAGE RULES MUST NOT BE IGNORED.KANUNI YA TISA:KANUNI ZA LUGHA LAZIMA ZISIPUZIWE.
727,###,&quot;Lugha zote sio mbaya.kama jambo la hakika&comm;kila lugha ni ya kipekee pamoja na nguvu zake na udhaifu.ufafanuzi wa kipekee wa kila lugha unafanya somo lake kukamilika&comm; lakini kitu cha kusisimua!Kiyunani na Kiebrania ni za tofauti mno kutoka lugha zetu za sasa.sifa za lugha za kiBiblia lazima kujifunza na kufahamu hata kufasiri andiko ambalo limetafasiriwa katika lugha zetu.&quot;All languages are not equal. As a matter of fact&comm; each language is unique with its own strengths and weaknesses. The uniqueness of each language makes the study of it complex&comm; but exciting! Greek and Hebrew are vastly different from each other and equally different from our modern languages. The peculiarities of the Biblical languages should be studied and understood even to interpret Scripture that is translated in our native tongue. &quot;
728,###,MFANO 1: Kristo anajieleza kwa Maria Yoh19:26 anatoa sauti ya ukali katika Kiingereza:Mwanamke&comm; tazama mwanao!&quot;kama jambo la hakika&comm;&quot;ni sauti ya kushusha heshima sana.Tunafasiri kifungu hiki sio katika mwanga wa jinsi ya kutoa sauti katika Kiingereza&comm;bali ni jinsi ya kutoa sauti katika kiyunani kwa sababu hiyo ni asili na lugha ilio vuviwa ya kitabu cha Yohn na kiebrania au kiaramu kwa sababu ya mukini hiyo ndio lugha ambayo Yesu aliizungumza katika kiebrania&comm;&quot;mwanamke&quot;inasauti kinyume kuliko ilivyo katika kiingereza;ni utaratibu wa heshima kama vile&quot;mama.&quot;&quot; Christ&quot;s address to Mary in John 19:26 sounds a bit harsh in English: &quot;  Woman&comm;behold thy son!&quot;As a matter of fact&comm;  it sounds very derogatory in English. We  interpret this passage not in light of how it sounds in English&comm; but how it sounds in the Greek because that is the original and inspired language of the book of John and the Hebrew or Aramaic because that is probably the language which Christ spoke  In Hebrew&comm;  &quot;woman&quot;  has the opposite sound than that in English; it is a term of respect such as &quot;madam.&quot;
729,###,MFANO 2: Waefeso 5:18 haiwezi kufahamika kikamilifu katika kiingereza.Na msilewe kwa mvinyo ambamo mna ufisadi au ziada;bali mjazwe Roho;neno ziada ni tafasiri ya kiyunani&quot;asotia&quot;asotia ni maana ya neno lililo ungwa&quot;hakuna wokovu.&quot;Kufahamu kigiriki humimina mwanga mkuu juu ya maana ya kifungu hiki.&quot; cannot be completely appreciated in the English. And be not drunk with wine&comm; wherein is excess; but be filled with the Spirit; The word &quot;excess&quot; is a translation of the Greek &quot;asotia&quot; Asotia is a compound word meaning &quot;no salvation.&quot; Understanding the Greek sheds great light on the meaning of this passage.
730,###,&quot;Kutafuta maana ya maneno kwenye dikishenari inaweza kumsaidia muhubiri kupata ufahamu bora wa maandiko.Agano la kale kiasili lilikuwa limeandikwa kwa kiebrania na Agano jipya kiasili lilikuwa limeandikwa kwa kiyunani.Kuna vitabu vya rejea kama vile Strong&quot;s Concordance na  Vine&quot;s Expository Dictionary.  Vitabu hivi hutoa maana ya maneno katika lugha za kinadharia.Matumizi ya kamusi ya lugha ya kawaida kama  Webster vilevile inaweza kusaidia katika kufahamu maana ya maneno katika kifungu cha maandiko.&quot;can also help in understanding the meaning of words in the Scripture passage.&quot;
731,###,&quot;MFANO: Neno&quot;mtumishi&quot; katika War 1:1 ni doulos katika lugha ya asili ya kiyunani na ina maanisha mtumishi wa upendo au mtu ajichaguliaye kwa hiari yake kuwa mtumishi.Paulo hakulazimishwa kuwa mtumishi wa Yesu&comm;bali alichagua kuwa mtumishi wa Yesu kwasababu ya upendo wake mkuu kwa ajili ya kutafuta maana ya neno mtumishi itakusaidia  kufahamu maana sahihi ya kifungu.&quot;&quot; the original Greeklanguage and it means a love servant or one who chooses of his own free willto be a servant.  Paul was not orced to be a servant of Jesus&comm; but rather chose to be a servant of Christ because of his great love for the Lor Looking up the meaning of the word servant helps you to understand the right meaning of the passage.&quot;
732,###,&quot;Vile vile fikira lazima itolewe katika rika la tafasiri katika lugha yako mwenyewe.Maneno ndani ya lugha yana tabia ya mageuzi na mabadiliko katika maana baada ya muda kupita na hata maana huwa kinyume katika kukamilika kwenye maana zao za asili.Tangu kipindi cha tafasiri yake kwenye1611&comm;KJV amefahamika kama jitu kati ya tafasiri za Biblia.Bali&comm;katika miaka 400 iliopita takribani maneno 800 ya kiiNgereza ya KJV kwa sasa yamegeuka katika maana au hayapo tena katika matumizi ya kawaida kama yalivyo kuwa!&quot;Also&comm; consideration must be given to the age of the translation in your own language. Words within a language have the habit of evolving and changing in meaning over time and even meaning completely opposite to their original meaning. Since its translation in 1611&comm;the KJV has stood as giant among Bible translations. But&comm; in the past 400 years approximately 800 English words in the KJV have now changed in meaning or are no longer in common usage at all!&quot;
733,###,EXAMPLES:MIFANO:
734,###,MATESO katika Kutoka22:18 Usimwache mwanamke mchawi kuishi.18SUFFER in Exodus 22:18 Thou shalt not suffer a witch to live.
735,###,AZUIAYE katika 2 Wathes.2:7 yeye azuiaye atakapoondolewaLETTETH in 2 Thess. 2:7  he who now letteth  will let 
736,###,MAZURI katika Yakobo 2:3 kuna heshima kwake avaaye mavazi mazuriGAY in James 2:3   have respect to him that weareth the gay clothing 
737,###,MAVAZI YA SIKUKUU katika Isaya 3:22 na mavazi ya sikukuu&comm;na vifuko&comm;WIMPLES in Isa 3:22   and the wimples&comm; and the crisping pins&comm;
738,###,SONONEKA katika Mark 9:6 maana hakujua la kunena; kwa kuwa waliingiwa na hofu nyingi. WIST in Mark 9:6 For he wist not what to say; for they were sore afraid.
739,###,&quot;Kama tokeo&comm;mara nyingi kuna vivuli vizuri vya maana katika Kiingereza ambavyo havikuwepo katika kifungu cha asili.Kwa mfano&comm;&quot;zuri sana&quot;humaanisha huna budi kufanya kwa uzuri&quot;.Nembo&quot;hutoa sura ya kichwa cha jinsi ya wana&comm;pamoja na wingi wa ufahari na hali ya mambo&quot;.Mara nyingi mtafasiri wa kiiNgereza hana uchaguzi;nilazima achague kati ya maneno ya Kiingereza yale yenye maana sahihi kabisa kuliko lugha ya asili kwa sababu hakuna neno linalo kwenda kwa ulinganifu katika Kiingereza.Katika kufanya uchaguzi wako sio tu kutafasiri kifungu&comm;yeye pia anabadilisha maana kwa kiasi fulani.Kwa mfano&comm;Kumcha Bwana ni chanzo cha hekima yote.&quot;Neno la kiebrania ni nusu njia kati ya&quot;kuogopa sana na &quot;heshima&quot;Hakuna neno la Kiingereza lililokuwepo ambalo lina maana ileile.&quot;&quot; As a result&comm; there often are fine shades of meaning in English that do not exist in the original text. For instance&comm; &quot;royal&quot; means &quot;having to do with royalty&quot;. &quot;Regal&quot; gives the mental image of &quot;in a grandiose manner&comm; with lots of pomp and circumstance&quot;. Often&comm; an English translator has no choice; he must choose between English words that have more precise meanings than the original language because there is no equivalent &quot;broad&quot; word in English. In making his choice he is not only translating the text&comm; he is also changing the meaning to a certain extent. For instance&comm; &quot;The fear of the Lord is the beginning of all wisdom.&quot;  The Hebrew word is half-way between&quot;dread&quot; and &quot;reverence&quot;. No English word exists that has the exact same meaning.&quot;
740,###,Tafasiri ya kifungu huhitimisha somo la uvumbuzi pekee wa lugha isio eleweka kwenye jambo linaloshughulikiwa la kifungu.Interpretation of text includes study of jargon unique to the subject matter of the text. 
741,###,KANUNI YA KUMI:VIFAA VYWA REJEA NI VYOMBO VYENYE NGUVU BALI MATUMIZI YAKE LAZIMA YATAWALIWE NA KANUNI ZA KIHABARI.PRINCPLE TEN: REFERENCE MATERIALS ARE POWERFULTOOLS BUT THEIR USE MUST BE GOVERNED BY PRINCIPLES OF LOGIC.
742,###,Kamusi ni kifaa cha msaada kwa ufahamu bora wa maana ya maneno.A dictionary is a helpful tool to better understand the meaning of words.  
743,###,Kutafuta maana ya maneno katika kamusi inaweza kumsaidia mhubiri kupata ufahamu bora wa maandiko. mLooking up the meaning of words in a dictionary can help the preachergain a better understanding of the Scriptures.
744,###,&quot; KJV ni tafasiri safi ya Biblia.Maneno ya kiingereza yaliyo chaguliwa ni mwonyesho barabara wa lugha za asili.moja ya kifaa bora cha kujua maana ya maneno ni dikishenari.Toleo la zamani la Webster ni chaguo nzuri limekuwa likishikilia ukweli kwenye maana za kiingereza za KJV.&quot;&quot; 
745,###,ni ya thamani kupata wapi maandiko yaliko.
746,###,Concordances kama vile Strong hutoa neno la lugha ya asili katika kiebrania au kiyunani.give the original language word in the Hebrew or Greek.
747,###,&quot;Neno la uangalifu: baadhi za fafanuzi za Strong zina pinga filosofia yake mwenyewe na maoni.Sikuzote fikiria maana ya neno pamoja na mukitadha wa andiko.Sehemu nyingi za fafanuzi za concordence hutoa orodha za maana zinazo wezekana na matumizi ya neno.baadhi ya wahubiri wata chukua uchaguzi ambao bora kuyatia pasipo kujali mukitadha.Hii sio vizibuo vizuri.Tumia vifaa vya rejea kama chanzo&comm;lakini sio kama mamlaka ya mwisho.&quot;&quot;
748,###,&quot; concordance ni kifaa kizuri kuonyesha mahali pa maandiko juu ya somo hilohilo.Hii ita kusadia kuwa na ufahamu bora wa somo linalo jifunzwa Kumbuka Biblia ni upatano mkamilifu yenyewe kwa yenyewe.Matumizi ya maandiko mengine yata kusaidia kupata taswira ya kiBiblia juu ya kifungu au somo unalo jifunza.&quot;is a good tool to locate Scriptures on the same subject.This will give you a better understanding of the subject being studie Remember the 	Bible is in perfect harmony with itselg.  The use of other Scriptures will help you to gain a Biblical perspective on the passage orsubject you are studying.&quot;
749,###,Maoni ya weza pia kufaa kukusaidia kufahamu maana ya vifungu vya Biblia.Commentaries can also be useful to help you understand the meaning of Bible passages.
750,###,Haya ni maoni ya watu juu ya Biblia.Wange paswa wasifikirie kamwe kama hayashindwi au mamlaka ya mwisho. 
751,###,Watu wengi wanajaribu kuhitimishia mawazo yao na maoni juu a Biblia.
752,###,&quot;Maoni mengi ni makosa kuhusu unabii wa wakati wa mwisho.Maoni mengi ya kupendeza yalikuwa yameandikwa zaidi ya miaka miamoja iliopita.Mungu anaeleza katika neno lake kwamba yeye  atafunua kweli za wakati wa mwisho katika wakati wa mwisho.Vitabu hivi vilikuwa vimeandikwa kabla ya wakati wa Mungu kuangazia ukweli wa wakati wa mwisho kwahiyo wao wasingeweza kuwa sahihi.&quot;
753,###,Utajifunza hili zaidi katika darasa la unabii.
754,###,Maoni hutoa habari za kihistoria na kweli zingine zinazo faa kufahamu Biblia.
755,###,Mipango ya Computer kama vile  E-Sword na Power Bible ni vyanzo kwa ajili ya rejea za Biblia. 
756,###,Hii mipangilio ya computer inaweka  kuwepo na vifaa vingi vya rejea kwenye ubonyezaji wa kitovu.  programs contain much reference material available at theclick of a button.
757,###,Unaweza pia kuleta vifaa na maandiko kwenye maandishi yako kwa haraka.You can also bring material and Scriptures into your document quickly. 
758,###,KANUNI YA KUMI NA MOJA: Lazima tufundishwe na Roho mtakatifu.Yeye ni mwalimu mkuu!We must be taught by the Holy Spirit. He is the Master Teacher!
759,###,I Wakr. 2:13-14 - Nayo twayanena&comm;sio yaliyo fundishwa katika hekima ya kibinadamu bali ni yale yanayo fundishwa na Roho mtakatifu; linganisha vitu vya kiroho kwa vitu vya kiroho.Basi mwanadamu wa tabia ya asili hawezi kupokea mambo ya Roho wa Mungu: maana kwao ni upuzi:wala hawezi kuyajua maana ya tambulikana kwa jinsi ya RohoWhich things also we speak&comm;not in the words which man&quot;s wisdom teacheth&comm; but which the Holy Ghostteacheth; comparing spiritual things with spiritual. But the natural manreceiveth not the things of the Spirit of God: for they are foolishness untohim: neither can he know them&comm; because they are spiritually discerned
760,###,Jihadhari na maneno ambayo hufundishwa kwa hekima za watu.Be careful of the words which men&quot;s wisdom teacheth.
761,###,Maoni ya weza kufaa hasahasa kwa kujifunza siasa na historia&comm;bali sio mbadala wa mafundisho ya Roho mtakatifu.Kwahakika wengi wa washikilia maoni ambao ni wale hawaamini juu ya Ubatizo wa Roho mtakatifu.Commentaries can be helpful especially to learn about culture and history&comm; but they are nosubstitute for the teaching of the Holy Ghost.  In fact many of  the commentators that are held so dearly did not believe in the Baptism of the HolyGhost.
762,###,Pima kila kitu kilicho kinyume cha Roho mtakatifu na neno la Mungu lililo vuviwa.
763,###,Ufasiri sahihi siku zote utakuwa na mapatano na msimamo wa Biblia.
764,###,Roho atakufundisha.
765,###,&quot;Yohn 14:26 - Lakini Mfariji&comm;ambaye ni Roho Mtakatifu&comm;ambaye Baba atamtuma kwa jina langu&comm;atawafundisha yote&comm;nakuwakumbusha yote&comm;niliyo kwisha kuwaambia.&quot;But the Comforter&comm; which is the Holy Ghost&comm; whom the Father willsend in my name&comm; he shall teach you all things&comm; and bring all things to your remembrance&comm; whatsoever I have said unto you.  &quot;
766,###,&quot;Yohn 16:13 - Lakini yeye&comm;Roho wa kweli&comm; atakapokuja &comm;atawaongoza awatie kwenye kweli yote:maana hatasema kwa shauri lake mwenyewe;bali chochote atakachosikia&comm;hicho ndicho atakacho sema:na atawaonyesha mambo yajayo.&quot;&quot; Howbeit when he&comm; the Spirit of truth&comm; is come&comm; he will guide you into all truth: for he shall not speak of himself; but whatsoever he shall hear&comm; that shall he speak: and he will shew you things to come.&quot;
767,###,This is a promise of God.Hii ni ahadi ya Mungu.
768,###,Pray for understanding of the Word you are studying.Omba kwa ajili ya neno unalo jifunza.
769,###,Godis faithful to reveal His Word to you.Mungu ni mwaminifu atakufunulia neno lake.
770,###,Stand on the promise of the Word to be taught by the Holy Spirit.Simama kwenye ahadi ya neno kwa kufundishwa na Roho Mtakatifu.
771,###,Meditate on the Word of God.Tafakari neno la Mungu.
772,###,Yoshua 1:8  Hiki kitabu cha torati na kisiondoke kinywani mwako;bali ukitafakari mchana na usiku&comm;ilikwamba uweze kuyahifadhi na kutenda kulingana na yote yaliyo andikwa humo:ndipo utakapo ifanya njia yako kusitawi&comm; na kisha utakuwa na mafanikio mema.This book of the law shall not depart out of thy mouth; but thoushalt meditate therein day and night&comm; that thou mayest observe to do accordingto all that is written therein: for then thou shalt make thy way prosperous&comm;and then thou shalt have good success.  
773,###,CONCLUSION TO HERMANEUTICS: HITIMISHO KWENYE VIZIBUO:
774,###,SOME FINAL CONSIDERATIONS OF CORRECT INTERPRETATION BAADHI YA FIKIRA ZA UFASIRI SAHIHI
775,###,Fikiria mpangilio wa kihistoria wa kifungu kwa kukata bima ya ufasiri sahihi.Consider the historical setting of a passage to insure correct interpretation.
776,###,&quot;Kwa mfano Daniel 5 inafungua pamoja na sikukuu ya kusherehekea na kunywa.Mji wa babeli ulikuwa chini ya kuzingirwa na Wamedi na wajemi kwa kipindi cha miaka  miwili hadi sherehe ya kufungua ya sura hii.Hii inatuambia kitu fulani cha kiburi na upuzi wa Wababeli ambao walijidhania kuwa hawata haribika.Njia pekee ya kujua kuhusu fikira za kihistoria ni kujifunza na kutafuta vifaa kama vile vitabu vya maoni.Neno la tahadhari si vitabu vyote ni sahihi kihistoria.Tahadhari maalum ingetumika kwa mfano unapo soma kitabu chochote kilichotolewa na Kanisa la Romani katholiki wamekuwa mara zote madhabahu ni sehemu yakuhesabia faida yao .&quot;For example Daniel 5 opens with a feast of revelry and drinking.  The city of Babylon had been undersiege by the Medo-Persians for two years prior to the opening feast of this chapter.  This tells us something of the pride and arrogance of the Babylonians who thought they were indestructible.  The only way to know about such historical considerations is to study research materials such as commentaries. A word of caution not all books are historically accurate.  Special caution should be used for example when reading any material produced by the Roman Catholic church since they often alter the accounts to their advantage.&quot;
777,###,Fikiri kweli za kikiolojia kukusaidia kufahamu maana ya kifungu.Consider archeological factors to help you understand the meaning of a passage.
778,###,&quot;Tena katika Daniel 5&comm;kuta za mji wa Babeli zilikuwa nene ambayo jamii ya magari au vibandawazi vilikuwa vimeshikizwa juu ya kuta.Watu walifiri kuna ngome isiopita.Akiolojia au elimukale imejawa na kuungana na Biblia.Hii ndio sababu kujifunza na elimu ni vya  muhimu sana kuweza kufahamu hizi kweli za kikiolojia ili kufahamu vema mpangilio wa mahesabu ya kiBiblia.&quot;&quot; Again in Daniel 5&comm; the walls of the city of Babylon were so thick that chariot races were held on top of the walls.  The people thought there fortress was impenetrable.  Archeology is in full support of the Bible.  This is why study and education are so important to be able to understand these archeological facts in order to better understand the setting of the Biblical accounts.  &quot;
779,###,Fikiria kweli za kijeografia ambazo zingechangia katika ufahamu wa kifungu.Consider geographical factors that would contribute to the understanding of the passage.
780,###,&quot;Tuta bakia kwa Daniel 5 kukuonyensha jinsi fikira hizi zote zina chukuwa pamoja ilikupata maana yote ya kifungu Mto frati unapita katikati ya mji wa Babeli.Walikua na maji safi na walizalisha chakula chao;hii imeongeza katika hisia zao za kutokujihusisha na kuzingirwa kwa maana walifikiri hawangeweza kuondolewa milele.Muingilio wa mto ulikuwa unalidwa na milango mikubwa ya chuma.Habari hii ni msaada kwa kufahamu unabii wa Isaya kuhusu Babeli.(Isaya45:1)Historia hutuambia kwamba usiku wa karamu walinzi walilewa na kuacha milango wazi.Unabii wa Isaya ulikuwa umetimia wakati Koresh na Dario mumidiani alipochukua ufalme wa Babeli usiku huo wa karamu.&quot;&quot; We will stay in Daniel 5 to show you how allthese considerations are taken together to glean the full meaning of thepassag  The Euphrates River ran into the city of Babylon.  They had a freshwater supply and grew their own food; this added to their feeling of unconcern of the siege for they thought they could hold out forever.  The entrance of the River was protected buy two large iron gates.  This information is helpful to understand the prophecy of Isaiah regarding Babylon. (Isaiah45:1) History tells us that on the night of the feast the guards got drunk and left the iron gates open.  The prophecy of Isaiah was fulfilled when Cyrus the Persian and Darius the Median took thekingdom of Babylon that night of the feast.&quot;
781,###,Fikiria matendo ya kisiasa ya wakati wa kifungu.Consider cultural practices of the time setting of the passage.
782,###,&quot;Paulo anaonya mwanamke kunyamaza katika kanisa.1 Wakr.14:3 tendo la kisiasa la siku hizo kwa ajili ya mwanamke kukaa upande moja na wanaume upande mwingine.Wanawake wasio elimika walikuwa wakisumbua ibada kwa kuuliza maswali toka upande baina ya njia ya viti kanisani.Muendelezo wa mukitadha wa msitari unatuambia wanawake kuuliza waume zao nyumbani.au kutoa mfano kwa wengine&comm;Paulo alikuwa akiwambia wanawake kusubiri mpaka waende nyumbani ndipo wawaulize waume zao maswali sio kuharibu ibada.Paulo sio kwamba alizuia mwanamke kuwa na nafasi ya kushuhudia na kushiriki huduma kanisani.&quot;&quot; admonished the woman to keep silent in the church. I  Cor. 14:3 A cultural practice of the day was forthe woman to sit on one side and the men on the other.  The unlearned women were disrupting the service by asking questions across the aisle.  A continuation of the context of the verse tells the woman to ask their husbands at home.  Or&comm; to put it simply&comm; Paul was telling the wives to wait until they got home to ask their husbands a question and not to disrupt the service.  Paul is in no way saying that woman have no place and should not be allowed to testify and participate in the church service.&quot;
783,###,Fikiria Biblia nzima wakati unafasiri maana ya kifungu.Consider the entire Bible when interpreting the meaning of a passage.
784,###,&quot;Mungu hajipingi mwenyewe.Kile lichoandikwa katika sehemu moja ya andiko siku zote utakuwa na makubaliano na kile kilichoandikwa katika sehemu nyingine ya andiko Vizibuo sahihi vita fikiri andiko zima kupata maana ya kweli ya neno la Mungu.&quot;God is not going to contradict Himself.  What is written in one part of Scripture will always be in agreement with what is written in another part of Scriptur Correct hermeneutics will consider the whole of Scripture to glean the true meaning of the Word of God.&quot;
785,###,Maswali ya kujifunza Sura&comm;4:Vizibuo Study Questions Four: Ch. 4: Hermeneutics
786,###,&quot;&quot;Linganisha maandiko kwa maandiko katika somo hilohilo&quot;Tazama juu ya kila rejea kuandika kile inachofundisha kuhusu kurudi kwa Yesu mara ya piliCompare Scripture with Scripture on the same Subject&quot; Look Up each reference noting what it teaches concerning Christ&quot;s Second Coming. Mat 26:64; Ufunuo 22:7&comm;20; Luk 21:26&comm;27; MndoA 1:11; Waebr 9:28; 2 Peter 3:10; Mat 24:27&comm;36; Ufunuo 1:7; Luk 12:40; 1 Wathesal 5:2&comm;23; Waflp 4:5; Waebr 10:37; Yak 5:8; Luk 19:13; Mat 16:27; Mat 25:31; Mat 25:32; 1 Wakr 4:5; 2 Timoth 4:1; 2 Wathesl 1:7&comm;8; Yuda 1:14&comm;15; Mat 24:44; 1 Timot 6:14; Tit 2:13; 1 Yohn 2:28; Luk 12:37; Yohn 14:3; Waflp 3:20; Waflp 3:21; Wakolos 3:4;1 Wathesal 3:13; 1 Wathesl 4:16; 1 Peter 5:41; Yohn 3:2; Mat 24:30; Mark 8:38&quot;
787,###,&quot;Mukitadha ni ufunguo wa ufasiri wa kiBiblia&quot;.Andika habari muhimu zinazo tupa chanzo kuhusu kulinganisha kifungu.Ifuatayo ni kielelezo sawa kama mfano hapo chini&comm;pata vianzo kadhaa(maoni&comm;kamusi za bibilia&comm;nk) na kamilisha kielelezo sawa cha&quot;KIFUNGU&quot;&quot;CHANZO&quot;&quot;MAANDISHI&quot;kwa ajili ya kila maandiko ya fuatayo:Mat 11:21;Luk19:14;Ufunuo 12:14.Context is Key to Biblical Interpretation&quot;. Note an important perspective or detail the source gives us concerning the corresponding text. Following the same pattern as the example below&comm; find several resources (commentaries&comm; bible dictionaries&comm; etc) and complete the same pattern of &quot;TEXT&quot; &quot;SOURCE&quot; &quot;NOTES&quot; for each of the following Scriptures: Matthew 11:21; Luke 19:14; Revelation 12:14.
788,###,EXAMPLE:MFANO
789,###,EXAMPLE TEXTKFUNGU CHA MFANO: Yohn 4:4
790,###,EXAMPLE SOURCECHANZO CHA MFANO: Maoni ya Agano jipya la Albert Barnes : &quot;Samaria ilikuwa kati ya Yuda na Galilaya.Mwelekeo na njia ya kawaida ilikuwa inapitia Samaria. Nyakati zingine&comm;kwa vyovyote&comm;Wayahudi walichukua njia ya kuzunguka juu ya upande wa mashariki wa Yordan&quot;.was between Judea and Galilee. The direct and usual way was to pass through Samaria. Sometimes&comm; however&comm; the Jews took a circuitous route on the east side of the Jordan&quot;.
791,###,MAANDISHI YA MFANO:(andika hapa kile ukweli wa kihistoria wa Albert Barne unamaanisha kwa ajili ya kifungu chetu)Siku zote wayahudi hawakupitia katikati ya Samaria.Kwa kawaida walipenda sana kuzunguka.kwahiyo&comm;maelezo ya Yesu kwamba lazima apitie Samaria sio kwa sababu hiyo ilikuwa njia pekee au hata njia  nyingine ya kawaida.EXAMPLE NOTES: (note here what Albert Barne&quot;s historical fact means for our text) The Jews did not ALWAYS pass through Samaria. Actually they prefered to go around. So&comm; Jesus&quot; statement that he &quot;must&quot; go through Samaria is not because it was the only or even the most common route.
792,###,What is&quot;Hermeneutics&quot;?Vizibuo ni nini&quot;?
793,###,Vizibuo vya kiBiblia ni kufanya harakati ya kufasiri maandiko kwa usahihi.Biblical hermeneutics is simply the process of correctly interpreting the Scriptures.
794,###,Kwa kumaliza orodhesha kanuni KUMI NA MOJA za vizibuo tulivyo jifunza.Concisely list the ELEVEN principles of Hermeneutics we have studied.
795,###,FASIRI LAZIMA IWE THABITI NA YA KUHUSU JAMBO LINALO HUSIKA.INTERPRETATION MUST BE CONSISTENT AND OBJECTIVE.
796,###,KUNA MAANA MOJA TU YA KUSAHIHISHA KIFUNGU CHA BIBLIA.THERE IS ONLY ONE CORRECT MEANING OF A BIBLE PASSAGE.
797,###,UFAFANUZI WENYE MAANA ILIO WAZI  KWA KAWAIDA HUWA BORA.THE LITERAL INTERPRETATION IS MOST USUALLY THE BEST.
798,###,READ FROM THE AUTHOR&quot;S POINT OF VIEW.SOMA KUTOKA MTAZAMO WA POINTI YA MWANDISHI.
799,###,MUKITADHA NI UFUNGUO MKUU KWA UFAFANUZI.CONTEXT IS THE GREATEST KEY TO INTERPRETATION.
800,###,SIKUZOTE LINGANISHA ANDIKO KWA ANDIKO.ALWAYS COMPARE SCRIPTURE WITH SCRIPTURE.
801,###,HAKUNA UBISHI KATIKA BIBLIA.THERE ARE NO CONTRADICTIONS IN THE BIBLE.
802,###,VIFUNGU VYAWEZA KUWA NA YOTE MAWILI MATUMIZI YA MBALI NA YA KARIBU.PASSAGES CAN HAVE BOTH NEAR AND FAR APPLICATIONS.
803,###,KANUNI ZA LUGHA LAZIMA ZISIDHARAULIWE.LANGUAGE RULES MUST NOT BE IGNORED.
804,###,VIFAA VYA REJEA NI VYOMBO VYENYE NGUVU BALI MATUMIZI YAKE LAZIMA YA TAWALIWE NA KANUNI ZA MAANTIKI.REFERENCE MATERIALS ARE POWERFULTOOLS BUT THEIR USE MUST BE GOVERNED BY PRINCIPLES OF LOGIC.
805,###,LAZIMA TUFUNDISHWE NA ROHO MTAKATIFU.YEYE NI MWALIMU MKUU!WE MUST BE TAUGHT BY THE HOLY SPIRIT. HE IS THE MASTER TEACHER!
806,###,katika Kanuni ya pili&comm;nini ambayo lazima tufanye ruhusa kwa ajili yake kama udhuru kwenye kanuni?In Principle Two&comm; what must we make allowance for as an exception to the rule?
807,###,Lazima tufanye ruhusa kwa ajili ya unabii kama una mambo mawili ya utimilizo.Lakini&comm;bado iwe ufafanuzi moja tu wa hizi timilizo.We must make allowance for prophecy as it often has a two-fold fulfillment. But&comm; still&comm; only one interpretation of these fuilfillments.
808,###,Kutumia kanuni za vizibuo&comm;nini anachomaanisha Mat 5:43&quot;umchukie adui yako&quot;?Using the principles of Hermeneutics&comm; what does  Matthew 5:43 &quot;hate thine enemy&quot; mean?
809,###,Katika Mat 5:43&comm;Yesu alikuwa akinukuu kile kilichosemwa na mwingine zaidi.hakuwa akiunga mkono kumchukia adui.kama jambo la hakika&comm;Kristo anatuamru katika mukitadha kupenda adui.In Matthew 5:43&comm; Jesus was quoting what has been said by someone else. He is not endorsing hating your enemy. As a matter of fact&comm; Christ commanding us in the context to love our enemy.
810,###,Katika hitimisho la sura hii ya&comm; 5 fikira za mwisho zimewasilishwa Tafadhali ziorodheshe kwa kuhitimisha.In the conclusion of this chapter&comm; 5 final considerations were presented Please list them concisely.
811,###,Fikiria mpangilio wa kihistoria wa kifungu kuuhakikisha ufafanuzi sahihi.Consider the historical setting of a passage to insure correct interpretation.
812,###,Fikiria kweli za akiolojia kukusaidia maana ya kifungu.Consider archeological factors to help you understand the meaning of a passage.
813,###,Fikiria kweli za kijeogirafia ambazo zina changia kufahamu maana ya kifungu.Consider geographical factors that would contribute to the understanding of the passage.
814,###,Fikiria matendo ya kisiasa ya mpangilio wa wakati wa kifungu.Consider cultural practices of the time setting of the passage.
815,###,Fikiria Biblia yote wakati wa kufasiri maana ya kifungu.Consider the entire Bible when interpreting the meaning of a passage.
816,###,Jaribio la nne: Vizibuo Sura ya. 4:Quiz Four: Ch. 4: Hermeneutics
817,###,Vizibuo vya kiBiblia ni nini&quot;?What is &quot;Biblical Hermeneutics&quot;?
818,###,Vizibuo vya kiBiblia ni kufanya harakati za kufasiri maandiko kwa usahihi.Biblical hermeneutics is simply the process of correctly interpreting the Scriptures.
819,###,Kwa kuhitimisha orodhesha kwa wingi kadiri uwezavyo Kanuni kumi na moja za vizibuo ambazo tumeshaajifunza. Concisely list as many as you can of the ELEVEN principles of Hermeneutics that we have studied.
820,###,UFAFANUZI LAZIMA UWE THABITI NA UNAOHUSIKA NA JAMBO MAHUSUSI.INTERPRETATION MUST BE CONSISTENT AND OBJECTIVE.
821,###,KUNA MAANA MOJA TU SAHIHI YA KIFUNGU CHA BIBLIA.THERE IS ONLY ONE CORRECT MEANING OF A BIBLE PASSAGE.
822,###,UFAFANUZI ULIOWAZI MARA NYINGI HUWA BORA.THE LITERAL INTERPRETATION IS MOST USUALLY THE BEST.
823,###,SOMA KUTOKA MTAZAMO WA POINTI YA MWANDISHI.READ FROM THE AUTHOR&quot;S POINT OF VIEW.
824,###,MUKITADHA NI UFUNGUO MKUU KWENYE UFAFANUZI.CONTEXT IS THE GREATEST KEY TO INTERPRETATION.
825,###,SIKU ZOTE LINGANISHA ANDIKO KWA ANDIKO.ALWAYS COMPARE SCRIPTURE WITH SCRIPTURE.
826,###,HAKUNA UBISHI KATIKA BIBLIA.THERE ARE NO CONTRADICTIONS IN THE BIBLE.
827,###,VIFUNGU VYA WEZA KUWA NA VYOTE VIWILI MATUMIZI YA KARIBU NA YA MBALI.PASSAGES CAN HAVE BOTH NEAR AND FAR APPLICATIONS.
828,###,KANUNI ZA LUGHA LAZIMA ZISIDHARAULIWE.LANGUAGE RULES MUST NOT BE IGNORED.
829,###,VIFAA VYA REJEA NI VYOMBO VYENYE NGUVU LAKINI MATUMIZI YAKE LAZIMA YATAWALIWE NA KANUNI ZA KIMAANTIKI.REFERENCE MATERIALS ARE POWERFULTOOLS BUT THEIR USE MUST BE GOVERNED BY PRINCIPLES OF LOGIC.
830,###,LAZIMA TUFUNDISHWE NA ROHO MTAKATIFU.YEYE NI MWALIMU MKUU!WE MUST BE TAUGHT BY THE HOLY SPIRIT. HE IS THE MASTER TEACHER!
831,###,Katika kanuni ya pili&comm;kwa kitu gani lazima tutoe ruhusa kama udhuru kwenye kanuni?In Principle Two&comm; what must we make allowance for as an exception to the rule?
832,###,Lazima tutoe ruhusa kwa ajili ya unabii ikiwa mara nyingi una sehemu mbili za utimilizo.Lakini bado uwe ufafanuzi mmoja wa timilizo hizi.We must make allowance for prophecy as it often has a two-fold fulfillment. But&comm; still&comm; only one interpretation of these fuilfillments.
833,###,Katika hitimisho la sura hii ya &comm;5 fikira za mwisho zimewasilishwa.Tafadhali ziorodheshe angalau mbili kati ya hizo kwa kuhitimisha.In the conclusion of this chapter&comm; 5 final considerations were presented. Please list at least two of them concisely.
834,###,Fikiria mpangilio wa kihistoria wa kifungu kwa kuhakikisha ufafanuzi sahihi.Consider the historical setting of a passage to insure correct interpretation.
835,###,Fikiria kweli za kikiolojia kukusaidia kufahamu maana ya kifungu.Consider archeological factors to help you understand the meaning of a passage.
836,###,Fikiria za kijiografia ambazo zinge changia ufahamu wa kifungu.Consider geographical factors that would contribute to the understanding of the passage.
837,###,Fikiria matendo ya kisiasa ya mpangilio wa kifungu.Consider cultural practices of the time setting of the passage.
838,###,Fikiria Biblia nzima wakati wa kufasiri maana ya kifungu.Consider the entire Bible when interpreting the meaning of a passage.
839,###,Mtihani wa mwishoFinal Exam
840,###,Ufafanuzi wa elimu ya mahubiri ni nini?What is the definition of Homiletics?
841,###,Elimu ya mahubiri ni sayansi au sanaa ya mazungumzo ya kidini au mahubiri.Homiletics is The science or art of religious discourse or preaching.
842,###,Ufafanuzi wa mahubiri ni nini?What is the definition of Preaching?
843,###,Mawasiliano ya mazungumzo ya ukweli wa kiungu pamoja na mtazamo wa kushawishi.The spoken communication of Divine truth with a view to persuasion.
844,###,Andika kwa kunukuu 2 Timoth 4:2.Write out verbatim 2 Timothy 4:2.
845,###,2 Timot 4:2 Hubiri neno; uwe tayari wakati ufaao&comm; na usio faa; karipia&comm;kemea&comm;onya kwa uvumilivu wote na mafundisho. Preach the word; be instant in season&comm; out of season; reprove&comm; rebuke&comm; exhort with all longsuffering and doctrine.
846,###,Andika kwa kunukuu  War 1:16Write out verbatim Romans 1:16.
847,###,War 1:16 Kwamaana siionei haya injli ya kristo: maana ni uwezo wa Mungu uletao wokovu  kwa kila aaminiye;kwa myahudi kwanza&comm; na kwa myunani pia.Romans 1:16 For I am not ashamed of the gospel of Christ: for it is the power of God unto salvation to every one that believeth; to the Jew first&comm; and also to the Greek.
848,###,Ufafanuzi wa upako nini?What is the definition of unction?
849,###,Neno upako kwa kawaida humaanisha kuweka doa au kupaka The word &quot;unction&quot; literally means to smear
850,###,Kwanini kujifunza? (Tumia rejea ya andiko lenye kuonyesha kuendelea na jibu lako.)Why study? (Use an appropriate Scripture reference along with your answer.)
851,###,Kufasiri maandiko kwa mtu binafsi ni lazima tulinganishe andiko kwa andiko.2 Pt.1:20To properly interpret Scripture we must compare Scripture with Scripture. 2 Pt. 1:20
852,###,Kwa uhalisi&comm;ni nini ambayo ni msingi juu ya kile ambacho hotuba hujengwa?Specifically&comm; what is the foundation upon which a sermon is built?
853,###,Kifungu ni andiko la msingi juu ya kile mhubiri anahubiri.The text is the foundational Scripture upon which the preacher preaches.
854,###,Kwa akina nani Mark 16:15 anatuambia tuwahubiri?To whom does Mark 16:15 tells us we should preach?
855,###,Enendeni ulimwengu mwote&comm;na kuhubiri kwa kila kiumbe.Go ye into all the world&comm; and preach the gospel to every creature.
856,###,Ni nini ambayo malaika alihubiri katika Ufunuo 14:6?What did the angel in Revelation 14:6 preach?
857,###,injili ya milele the everlasting gospel
858,###,Ni nini ambayo mawasiliano yenye matokeo hunyumbua?What does effective communication demand?
859,###,Mawasiliano yenye matokeo hunyumbua dhamira moja.Effective communication demands a single theme.
860,###,Dhamira au somo la hotuba nini? na ni nini dhamira ya War1:16?What is the &quot;theme&quot; or &quot;subject&quot; of a sermon? And what is the theme of Romans 1:16?
861,###,Dhamira au somo la hotuba ni wazo kuu au dhana itakayo hubiriwa.Dhamira ya War 1:16 ni Injili.The theme or subject of a sermon is the main though or idea to be preached. The theme of Romans 1:16 is the Gospel.
862,###,Maelezo ya maneno ya hotuba ni nini?What is the thesis statement of a sermon? Eleza kwa utaribu maelezo ya maneno kutoka War1:16.Formulate a thesis statement from Romans 1:16.
863,###,Maelezo ya maneno ni hotuba nzima ilioandikwa katika sentence moja kamili.Maelezo ya maneno kutoka War1:16 yange kuwa&quot;Injili ni uwezo kamili.&quot;The thesis statement of the sermon is the entire sermon described in one complete sentence. A thesis statement from Romans 1:16 could be &quot;The Gospel is full of power.&quot;
864,###,Ni kifungu gani kilikuwa cha Petro katika hotuba yake inayo patikana katika Mndo2:14-41? What was Peter&quot;s text in his sermon found in Acts 2:14-41?
865,###,Yoeli  2:28&#45;32
866,###,Ni nini ambayo ni chanzo cha mafundisho ya kikristo?What is the source of Christian teaching?
867,###,Kumbuka kwamba mandiko matakatifu ndio chanzo cha mafundisho ya kikristo.Remember that Scripture is the source of Christian teaching.
868,###,Dondoo zitakuwa msingi wako kumaanisha nini?Outlining will be your primary means of what?
869,###,Dondoo zitakuwa msingi wako kuzalisha ubora&comm;masomo ya katikati ya Biblia&comm;mazungumzo&comm;na hotuba.Outlining will be your primary means of producing quality&comm; Bible-centered lessons&comm; talks&comm; and sermons.
870,###,Orodhesha aina tatu za hotuba na toa maelezo mafupi ya kila moja ya hotuba.List the three kinds of sermons and give a brief description of each one.
871,###,Hotuba zinazo elezeka ni zile ambalo somo&comm;migawanyo mikuu na habari nyingi huzalishwa toka kifungu.Hotuba za kifungu ni zile ambazo somo na migawanyo mikuu huzalishwa toka kifungu.Hotuba za kimada ni zile ambazo somo pekee huzalishwa toka kifungu.Expository sermons are those in which the subject&comm; maindivisions and most of the details are derived from the text. Textual sermons are those in which the subject and main divisions are derived from the text. Topical sermons are those in which the subject alone is derived from the text.
872,###,Ni nini ambayo ni msingi wa hotuba yeyote?What is the foundation of any sermon?
873,###,Kifungu ni msingi wa hotuba yeyote.The TEXT is the foundation of any sermon.
874,###,Toa mfano wa kutumia namba za kirumi kwenye dondoo.Give an example of using roman numerals to outline.
875,###,I.Pointi moja kubwa II.Ponti kubwa ya pili  III. Pointi kubwa ya tatu
876,###,Ni nini kifungu pasipo mukitadha?What is a text without context?
877,###,Kifungu pasipo mukitadha ni kama hoja tu.A text without a context is just a pretext.
878,###,Ni nini tofauti kuu kati ya hotuba za vifungu na hotuba za kimada?What is the chief difference in textual sermons from topical sermons?
879,###,Tofauti kuu katika hotuba za kifungu na zakimada ni chanzo cha migawanyo.The chief difference in textual sermon and topical sermons is the source of the divisions.
880,###,Ni nini chanzo cha migawanyo ya hotuba za kifungu?What is the source of the divisions in a textual sermon?
881,###,Biblia hutoa migawanyo kutoka kifungu kilicho chaguliwa.The Bible supplies divisions from the text chosen.
882,###,Katika maneno yako andika matokeo juu ya mtu ambaye hujifunza na kusoma mara chache na kwa ajili ya sababu nyingine zaidi ya makusudi ya elimu ya mahubiri kuhubiri kwa mtu mwingine zaidi.In your own words describe the results upon a person who seldom reads or studies their but for any other reason than a homiletical purpose to preach to someone else.
883,###,Kama mtu anaweza kamwe kwakutokujua akajitolea udhuru kutoka kujifunza kwake faraghani kwenye hatua ambayo yeye kwa ufundi amejishughulisha na Biblia kwa muda wake mwingi.
884,###,Ni nini ilio bora kuliko mtu kujaribu kuvipata vifungu?
885,###,Nibora kuwa mbali kwa ajili ya mtu kujiweka mwenyewe katika njia ya vifungu kumpata yeye&comm;kuliko yeye kujaribu kuvipata vifungu. 
886,###,Orodhesha hatua tatu za kugawanya kifungu katika sehemu zake. 
887,###,1. Gawanya kifungu katika sehemu zake. 2.Husianisha sehemu za kifungu. 3. Tengeneza sehemu za kifungu.
888,###,Ni nini ambayo kiasili ingependekeza dhamira ya hotuba ya kimada?
889,###,Kifungu kiasili kingependekeza dhamira.
890,###,Je!ni kitu maalumu kuorodhesha pointi ndogo moja tu? Elezea.
891,###,Hapana. Kuna dhana mbili za kawaida za habari ambazo zinge orodheshwa.Kama kuna kipande kimoja tu ya habari kusaidia mada ndogo&comm;kimapokeo ambayo habari imeishia katika mada ndogo.
892,###,Ni nini ambayo ni kuu na muhimu zaidi kuliko muundo wa hotuba yako?
893,###,Kuwa mkweli katika neno la Bwana na kusudi la mwandishi wa kiungu ni kuu.
894,###,Vizibuo vya Biblia ni nini&quot;?
895,###,Vizibuo vya kiBiblia ni kufanya harakati za kufasiri maandiko kwa usahihi.
896,###,Kwa kuhitimisha orodhesha kadiri uwezavyo kanuni KUMI NA MOJA na moja za vizibuo ambavyo tumeshajifunza.
897,###,UFAFANUZI LAZIMA UWE THABITI NA WENYE KUHUSIKA.
898,###,KUNA MAANA MOJA TU SAHIHI YA KIFUNGU CHA BIBLIA.
899,###,UFAFANUZI ULIOWAZI MARA NYINGI HUWA BORA.
900,###,SOMA KUTOKA MTAZAMO WA MWANDISHI.
901,###,MUKITADHA NI UFUNGUO MKUU KWENYE UFAFANUZI.
902,###,SIKU ZOTE LINGANISHA ANDIKO KWA ANDIKO.
903,###,HAKUNA UBISHI KATIKA BIBLIA.
904,###,VIFUNGU VYA WEZA KUWA NA VYOTE VIWILI MATUMIZI YA KARIBU NA YA MBALI.
905,###,KANUNI ZA LUGHA LAZIMA ZISIPUUZWE.
906,###,VIFAA VYA REJEA NI VYOMBO VYENYE NGUVU BALI MATUMIZI YAKE LAZIMA YATAWALIWE NA KANUNI ZA MANTIKI.
907,###,LAZIMA TUFUNDISHWE NA ROHO MTAKATIFU.YEYE NI MWALIMU MKUU!WE 
908,###,Katika hitimisho la sura hii ya 5&comm;mawazo ya mwisho yamewasilishwa.tafadhali yaorodheshe angalau mawili kwa kuhitimisha.
909,###,Fikiria mpangilio wa kihistoria wa kifungu kuhakikisha ufafanuzi sahihi.
910,###,Fikiria kweli za kikiolojia kukusaidia kufahamu maana ya kifungu.
911,###,Fikiria kweli za kijiografia ambazo zinge changia kwenye ufahamu wa kifungu.
912,###,Fikiria matendo ya kisiasa mpangilio wa wakati wa kifungu.
913,###,Fikiria Biblia nzima unapofasiri maana ya kifungu.