##1,MWAKA WA PILI
##2,KITABU
##3,NYARAKA II
##4,Barua kwa kanisa
##5,CHUO CHA BIBLIA NA UKOMBOZI MOSHI.
##6,Mkoa wa Moshi &#44;Kilimanjaro &#44;Tanzania
##7,CHUO CHA BIBLIA NA UKOMBOZI.
##8,Portland&#44; Maine&#44; USA
##9,Nyaraka II
##10,Barua kwa kanisa
##11,Utangulizi
##12,I Wathesalonike
##13,II Wathesalonike
##14,I Timotheo
##15,II Timotheo
##16,Tito
##17,Philimon
##18,Utangulizi
##19,Nyaraka II ni uchunguzi wa Wathesalonike 1 & 11&#44; Timotheo 1 & 11&#44; Tito & Philimon.
##20,Wathesalonike 1&11 ni vya KIMAFUNDISHO na hasahasa vyahusika na kurudi kwa Yesu mara ya pili
##21,Timotheo 1 & 11 na Tito ni za KICHUNGAJI na zenye mashauri ya kimatendo kwa ajili ya wachungaji vijana.
##22,Philimon ni ya KIBINAFSI na maombi kwa ajili ya msamaha na huruma juu ya mtumwa mkimbizi.
##23,Tarehe hata hivyo ni ngumu kufunga pointi wakati wa kujifunza vitu vya zamani&#44;lakini ufuatao ni msitari wa wakati kuhusu Paulo na nyaraka zake.
##24,Paulo alizaliwa mwaka wa 6 B C 
##25,Kuongoka kwa Paulo ni 33 A.D
##26,Wagalatia kimeandikwa mwaka 48 A.D
##27,1 Wathesalonike & 11 vimeandikwa mwaka 51 A.D
##28,1 Wakor kimeandikwa mwaka 54-55 A.D 
##29,Warumi na Wakorinto wa pili vimeandikwa mwaka 55-57 A.D
##30,Waefeso&#44;Wakolosai&#44;&Filimoni 61 A.D
##31,Filimoni na 1Timoteo A.D. 62 
##32,Tito 63 A.D
##33,11 TimotheoA 64-67 A.D II Kifo cha Paulo&#44;Kifo cha Petro (67 AD)
##34, kifo cha Nero A.D 68
##35,Kati ya A.D. 51-64 ni miaka kuhusu somo letu la nyaraka 11 . Roma ilikuwa mtawala mkuu wa dunia hata inchi ya Wayahudi ilikuwa chini ya utawala wa kirumi. 
##36,Mnamo A.D. 51&#44; Paulo alianza safari yake ya pili ya kimeshenari.
##37,Mnamo A.D. 52&#44; Tomaso kwakusaidia anatua Kodungallur&#44; India kuhubiri injli. Paulo anahubiri kuhusu MUNGU ASIYE JULIKANA kwenye kilima cha Athene.
##38,Mnamo A.D. 53&#44; Paulo anaanza safari yake ya pili ya umishenari.Kilaudio mtawala amukubali Nero kuwa mrithi wake.
##39,Mnamo A.D. 54&#44; Mtawala Kilaudio alinyweshwa sumu ya uyoga na akarithiwa na Nero akiwa na umri wa miaka 16. Nero alikuwa mjukuu mkubwa wa Kaisari Augusto na alishirikisha ushawishi mnamo A.D. 68. Apolo aligeuka kuwa mkristo huko Efeso.
##40,Mnamo A.D. 56&#44; vita ikagawanya kati ya Roma na Parthia.
##41,Mnamo A.D. 58&#44; Ming-Ti&#44; mtawala mpya wa China&#44; anatambulisha Ubudha katika China na kutoa sadaka kwa wanafalisafa walioagizwa katika shule zote za serikali.
##42,Mnamo A.D. 60&#44; Paulo alihusishwa na kazi ya baharia huko Malta. Warumi walijenga &quot;daraja la kwanza huko London .&quot;
##43,Mnamo A.D. 61&#44; Marko alifungwa kisheria baada ya kuwa amehubiri huko Misri. Kijana msingi wa nguzo&#44; Mwandishi wa kirumi na mtawala mwadilifu&#44; akazaliwa.
##44,Mnamo A.D. 62&#44; Nero anaonekana kwa hatua kali anageuka kwenye wazimu na utawala wake ukawa na uchafu wa kiwango cha juu toka ndani hadi inje. Tetemeko kubwa la nchi lika haribu miji katika Campania (Pompeii).
##45,Mnamo A.D. 64&#44; July 18 moto mkubwa wa Waroma uliteketeza kwa siku 4 ?�na wakristo walilaumiwa. Mateso ya wakristo wakwanza yakaanza chini ya Nero. Petro alikuwa miongoni mwa waliofungwa&#44; lakini yawezekana haikuwa mpaka AD 67. I Petro kiliandikwa mnamo A.D. 64.
##46,I Wathesalonike
##47,Utangulizi
##48,Mwandishi
##49,Tunaona kutoka I Wathesalonike 1:1 na 2:18 kwamba mwandishi alikuwa Paulo Mtume. Hii barua yamkini iliandikwa mnamo A.D. 51 kutoka Korinto kipindi cha mwaka moja na nusu wa Paulo kuhudumia pale.Tunaona pia kutoka msitari wa kwanza kwamba Silivano(Sila) na (Timotheo) walikuwa pamoja na Paulo wakati wakuandika hii barua . Hii inafanana na kitabu cha Matendo kwa sababu tunaona kwamba Sila alikuwa pamoja na Paulo katika safari ya kimishenari (Matendo 15:22&#44; 40; 16:19&#44; 25&#44; 27; 17:4&#44; 10) kama kawaida Timotheo alikuwa sehemu yake (Matendo 17:14-15; 18:4).
##50,I Wathesalonike ni moja ya nyaraka alizoandika Paulo. Sio mambo yote yaligunduliwa kikiolojia katika eneo la Wathesalonike kwasababu ya mji wa kisasa ambao ulikwa kilele chake.Mnamo 1962&#44; kituo kidogo cha bas kilibolewa na wakati eneo lilikuwa limechimbwa 1st au 2karine ya pili A.D. baraza lilikuwa limewekwa wazi. Miongoni mwa vitu vingine&#44; ni maneno yaliyo andikwa kwenye mnara wa ukumbusho (30 B.C. hadi A.D. 143) ilipatikana kwenye lango la Vardar kutengeneza neno &quot;wana siasa&#44;&quot; neno Luka lilitumika katika kurejea maofisaa wa jiji mbele yake yule ambaye Jasoni aliletawa na kundi la watu wenye ghasia (Matendo 17:6). 
##51,Paulo alitembelea Thessalonike kwa wiki tatu baada ya kuondoka Filipi. Alihubiri katika sinagogi na kufunua maandiko ya husuyo kwamba Yesu alikuwa ni Kristo. Kulikuwa na mafanikio mchanganyiko kule Thessalonika kwa ajili ya Paulo lakini upinzani baadaye ulileta hekima ya kuondoka. Paulo alitembelea Berea&#44; Athene na kisha Korinto pale alipo andika hii barua.
##52,Kusudi la kuandika
##53,Paulo aliwaandikia Wathessalonike kuwahamasisha&#44;kuwakumbusha&#44; na kuwafariji.
##54,kuwasihi&#8212;2:3; 4:1; 5:14
##55,Kuwakumbusha&#8212;1:3; 2:9
##56,Kufariji&#8212;1:2; 3:7; 4:9&#44; 18; 5:2&#44; 11&#44; 27
##57,Dhamira
##58,Dhamira ya I Wathessalonike ni kuja kwa Kristo mara ya pili (1:3&#44; 10; 2:19; 3:13; 4:13-18; 5:1-11&#44; 23).
##59,Dondoo
##60,Kuna sura tano katika barua ya kwanza kwa Wathesalonike ambazo zimegawanyika katika sehemu mbili :
##61,Mahusiano binafsi kwa Wathesalonike (sura ya 1-3)
##62,Maelekezo ya kivitendo katika mafundisho na maisha (sura 4-5)
##63,Mahusiano binafisi kwa Wathesalonike (1:1-3:13)
##64,Neema na amani toka kwa Mungu ziwe kwao (1:1)
##65,Neema iwe nanyi&#44; na amani itokayo kwa Mungu Baba yetu&#44;na Bwana Yesu Kristo 
##66,Paulo alikuwa akiandika kwa uvuvio wa Mungu. Alipokea hekima zaidi na ufunuo kwa sababu alikuwa mtiifu kwa Mungu kutoa kile ambacho tayari alikipokea.
##67,Tunaona kutoka Mndo 17:1-3 kwamba wakati Paulo alipotembelea Thesalonike mara kwanza alihojiana nao kutoka kwenye maandiko&#44; kufungua na kudai kwamba Yesu alikuwa ni Kristo.
##68,Paulo alianzisha hili kanisa kwa njia ya upinzani mwingi na mateso na sasa akalazimika kuwaandikia.
##69,Shukurani kwa ajili yao (1:2-10)
##70,Paulo alikuwa na shukurani kwa sababu ya maadili yao ya kikristo
##71,Walikuwa kazi ya imani (1:3). Imani ilionyeswa kwa kuhukumiwa&#44;kuhubiri na kuiishia (Injili) kweli yenyewe na kwa matumaini&#44; imani&#44; na uaminifu vilionyeshwa katika maisha yao ya kila siku. Kuwa na kazi ya imani tunahitaji kuhukumu kwa haki na kwa maandiko&#44;hubiri kwamba Yesu kristo ni Bwana na Mwokozi&#44;ishi kitakatifu kulingana na maandiko.
##72,Walikuwa na kazi ya upendo (1:3). Upendo ulidhihirishwa kwao toka Mungu&#44; na kisha kwa wengine.
##73,Walikuwa na uvumilivu wa matumaini (1:3). Tumaini liliandaliwa kwa kubakia ukijitenga na ulimwengu katika Mungu Baba na katika Bwana Kristo kwa kupitia kila dhoruba.
##74,Paulo alikuwa na shukurani kwa sababu ya uchanguzi wao wa kiungu (1:4-7)
##75,Tumaini la uchaguzi wao (1:4&#44;5)
##76,Ushahidi wa tumaini (1:5)
##77,Ushahidi wa tumaini ni nguvu za Roho Mtakatifu.
##78,Sababu ya tumaini (1:6)
##79,Hii ilikuwa kwa sababu walipokea Neno (1:6; 2:13) na walimpokea Roho Mtakatifu (1:6).
##80,matokeo ya tumaini 1:7-9
##81,Kwasababu ya tumaini hili&#44;walipata kuwa mifano (1:7) na waligeuka toka sanamu kwenda kumtumikia aliye hai na Mungu wa kweli (1:9).
##82,Ufunuo wa Yesu (1:10)
##83,Nilazima tumsubiri yeye mwenyewe ajifunue. Lazima tuwe na ufunuo kwamba Yesu ni mwana wa Baba atokaye mbinguni&#44; lazima tuwe na ufunuo wa ufufuo wake&#44; na lazima tuwe na ufunuo kwamba yeye ni mkombozi wetu kutoka ghadhabu ijayo.
##84,Huduma ya Paulo miongoni mwao (2:1-20)
##85,Hali za huduma (2:1&#44; 2)
##86,Kiwango cha huduma (2:3-12)
##87,Hapa tuna maandishi ya habari za huduma ya Paulo miongoni mwa wathesalonike. Ilikuwa&quot; sio ulaghai&#44; wala unajisi&#44; wala sio katika hila (2:3). Yeye aliitangaza Injli&#44; kuamini kwamba Mungu angejaribu mioyo yao (2:4). Mungu ni shahidi kwamba hata hakutumia maneno ya kujipendekeza wala hakuvaa kifuniko cha tamaa (2:5). Yeye hakujisifu wala kutafuta utukufu (2:6). Kama mtume&#44; angetumia mamlaka yake kuwalemea&#44;lakini hakufanya hivyo (2:6-12).
##88,Kumbukumbu ya huduma (2:13-17)
##89,Watenda kazi wanaongoza (2:13)
##90,Waongofu walipokea neno la Mungu (2:13-17)
##91,Uhusiano wa watenda kazi na waongofu
##92,Kama mlezi (2:7)
##93,Kama Baba (2:11)
##94,Kama mtume wa Kristo (2:6)
##95,Ufuasi wa waongofu na ushirika kwenye mateso (2:14)
##96,Watesaji (2:14-16)
##97,Uhusiano tangu mafarakano (2:17-20)
##98,Timotheo alitumwa kuwahudumia (3:1-13)
##99,Paulo alikuwa anapanga kumtuma Timotheo kwao ili kuwaimarisha na kuwafariji kuhusu imani yao (3:2). Wangehitaji kuimarishwa kwasababu kulikuwa na mateso mengi (3:3)&#44; dhiki (3:4)&#44; na majaribu (3:5) ambayo yange wajia.
##100,nia ya Paulo (3:5)
##101,Kushinda nafsi kwa ajili ya Kristo kwa muda mrefu&#44;ili kazi yake isijekuwa bure 
##102,Taarifa ya Timotheo (3:6)
##103,jibu la Paulo kwenye hiyo taarifa
##104,Lilileta faraja (3:7)
##105,Liliamsha shukurani (3:9)
##106,Liliongoza maombi (3:10)
##107,Mambo yaliyomo katika maombi
##108,shukuruni (3:9)
##109,Kwamba Mungu angefanya njia ilikuwaona (3:10&#44; 11)
##110,Ukamilifu ambao ulikuwa umepungua katika imani yao (3:10)
##111,Kwamba waweze kukua katika upendo (3:12)
##112,Mioyo yao ingeweza kuthibitishwa (3:13)
##113,Pasipo lawama katika utakatifu (3:13)
##114,Maelekezo ya kimatendo katika mafundisho na maisha (4:1-5:28)
##115,Wosia kuhusu mwenendo wa mkristo (4:1-12)
##116,mafundisho kuhusu kulala katika Yesu na kufa katika Kristo (4:14 4:16)
##117,Jinsi ya kuja kwa Kristo (4:14-5:4)
##118,Maelakezo kuhusu kujiandaa kwa ajili yake (5:1-10)
##119,Tofauti kati ya:
##120,Kufariji na kuadilisha (5:11)
##121,Maonyo ya kanisa (5:12-28)
##122,Heshima kwa ajili ya viongozi wa kikristo (5:12-13)
##123,Kuchukuliana (5:14-15)
##124,Siku zote uwe mtu wa shukuru (5:16-18)
##125,Siku zote uwe mtu wa kupambanua (5:19-22)
##126,Jikabidhi mwenyewe kwa Mungu ambaye ni mwaminifu (5:23-24)
##127,Jikabidhi mwenyewe kwenye maombi kwa ajili ya huduma (5:25)
##128,Jikabidhi mwenyewe kwa wengine kuwatii na kuwa heshimu (5:26)
##129,Jikabidhi mwenyewe kwenye Neno (5:27)
##130,Jikabidhi mwenyewe kwenye neema yake (5:28)
##150,I Wathesalonike kujifunza maswali
##151,Soma Mndo sura ya 16-18 & I Watheslonike 1-5. Changia maoni kwenye kile ulicho angalia kwa makini.
##152,Kariri Tito 2:11.
##153,Maana neema iwaokoayo wanadamu wote imefunuliwa&#44;
##154,Kanisa la kweli katika Thesalonike lilikuwa wapi?
##155,&quot;katika Mungu Baba na katika Bwana Yesu Kristo&quot; 1:1
##156,Andika katika njia tatu kazi nzuri zilizo onyeshwa kwao.
##157,&quot;kazi ya imani&#44;na kazi ya upendo&#44;na uvumilivu wa matumaini&quot; 1:3
##158,Ni msemo gani ulitumika kuonyesha kwamba walikuwa wanaishi vema na kukubalika mbele za Bwana?
##159,&quot;uchaguzi wako&quot; 1:4
##160,Usijitweze kuwa mfalme au raisi kama wewe ni mkristo. toa wosia kuhusiana na uchaguzi wako kwa Mungu.
##161,utiaji ekloge&#44; ek-log-ay&apos; = (kiungu) kuchagua&#44; kuchaguliwa
##162,Hakuna marupurupu ambayo yangeanza kulinganishwa na marupurupu ambayo Mungu humpa muumini katika kumfanya wake&quot;kumchagua&quot;. Mat 22:14
##163,Nini iliokuwa matokeo ya Neno kuja katka nguvu na katika Roho Mtakatifu?
##164,Walipata kuwa wafuasi&quot; 1:6
##165,Maandishi gani yalitumika kuelezea kile ambacho hali ilikuwa walipo lipokea Neno? 1:6 na 2:2
##166,1:6 �?? &quot;katika mateso mengi&quot; 2:2 �?? &quot;ushindani mwingi&quot;
##167,Ni nini iliokuwa msimamo wao katika hali hizo? 1:6 na 2:13&#44;14
##168,1:6 �?? &quot;furaha ya Roho Mtakatifu&quot; 2:13&#44; 14 �?? neno lilipokelewa walihubiri kama Neno Mungu
##169,Ni nini iliokuwa mfano wao? 1:7-9
##170,Walilisambaza Neno la Mungu kotekote katika maeneo yao ya ushawishi.
##171,Ni nini iliokuwa msimamo wa wayahudi kwa ujumla? 2:14-16
##172,Walikuwa kinyume na walijaribu kuliharibu Neno la Mungu
##173,Katika 2:6 ni nini iliokuwa kichwa cha habari cha Paulo?
##174,&quot;mtume wa Kristo&quot;
##175,Toa maandiko mawili kutoka 2:7 na 2:11 ambayo yanaelezea jinsi Paulo alivyowagusa watu.
##176,lea kama &quot;muuguzi&quot;na fariji &quot;kama baba&quot;
##177,Toa andiko ambalo linaonyesha kile Mungu hufanya kwa ajili ya mwanadamu.
##178,&quot;thibitisha&quot;
##179,Toa maandiko mawili ambayo yanaonyesha kile mtu hufanya kwa mtu.
##180,&quot;kusihi kwa aibu&quot;
##181,Anza kwenye 5:14-23&#44; Orodhesha vitu 14 tunavyopaswa kufanya.
##182,Waonye wale wasio na utaratibu&#44; watie moyo walio dhaifu&#44;watie nguvu wanyonge&#44;vumilieni na watu wote&#44;usilipe baya kwa baya&#44; siku zote lifuateni lilojema&#44;furahini siku zote&#44; ombeni bila kukoma&#44;shukuruni kwa kila jambo&#44;msimishe Roho&#44;msitweze unabii&#44;jaribuni mambo yote&#44;lishikeni lilo jema&#44;na jitengeni na ubaya wa kila namna
##183,I Wathesalonike Maswali
##184,Kanisa la kweli liko wapi katika Thesalonike? 1:1
##185,Elezea kwa njia tatu matendo mema yaliyo onyeshwa kwao 1:3.
##186,Ni maandiko gani yalitumika kuonyesha kwamba waliishi vema na wenye kukubalika kwa Yesu?
##187,Ni nini iliokuwa matokeo ya Neno kuja katika nguvu na katika Roho Mtakatifu?
##188,Ni maandiko gani yalitumika kuelezea hali gani ziliwapelekea kulipokea Nenoi? 1:6 na 2:2
##189,Ni nini iliokua msimamo wao katika hali hizo? 1:6 na 2:13&#44;14
##190,Ni nini iliokuwa mfano wao? 1:7-9
##191,Ni nini ilikuwa msimamo wa Wayahudi kwa ujumla? 2:14-16
##192,katika 2:6 kichwa habari cha Paulo kilikuwa nini?
##193,Toa maandiko mawili kutoka 2:7 na 2:11 ambayo yanaelezea jinsi paulo alivyo wagusa watu.
##194,Toa neno kuonyesha kile Mungu hufanya kwa ajili ya mwanadamu.
##195,Toa maneno mawili kuonyesha kile mtu hufanya kwa mtu.
##196,Nyongeza 1: Kuanzia kwenye 5:14-23 orodhesha vitu 10 tunavyo paswa kuvifanya. (Majibu yasiyo hesabika. i.e.&#44; kama ni vitu 8 tu vilivyo orodheshwa basi nyongeza haitatolewa.)
##197,Nyoeza 2: Orodhesha makala tano za Bwana kama zinavyo patikana katika 1 Wathesalonike.(jibu kadiri uwezavyo.)
##198,II Wathesalonike
##199,Utangulizi
##200,mwandishi
##201,Mwandishi wa Wathesalonike ni Paulo (1:1; 3:17).
##202,Barua hii ya pili ilikuwa imeandikwa miezi michache baada ya ile ya kwanza&#44;wakati Paulo alipokuwa bado yuko Korinto. Baadhi ya watu walikuwa na kutokumuelewa Paulo na waliishia kwamba kuja kwa Yesu kulikuwa karibu sana kiasi kwamba walishindwa kuishi kwa taswira maalumu.Paulo alijaribu kusahihisha mtazamo huu.
##203,Paulo anawakumbusha kile alichowafundisha kwa mara ya kwanza.Anawaonyesha ishara na hali zitakazo tokea wakati wa kurudi kwake Bwana.Uhalifu utaongezeka.Kwasababu hiyo walionywa kuukomboa wakati&#44;kuwajibika katika majukumu yao&#44;na kwa wakati huo huo wawe tayari kwa kurudi kwake Bwana.Wavivu na wategaji walikemewa kwa ukali 
##204,Kusudi la kuandika
##205,Kusudi la Paulo kuandika hii barua ya pili kwa Wathesalonike ilikuwa kutuma maandishi ya shukurani zake kwa Mungu kwa ajili ya imani yao na uzoefu&#44;kuwatia moyo kuendelea mbele (1:3-12; 2:13-17)&#44; kuwapa maelekezo kuhusu kurudi kwake Bwana (2:1-12)&#44; na kuwashawishi watu warudi kufanya kazi ambazo ziliwa fanya miili yao kushughulika kwa ajili ya mambo ya watu wengine (3:11&#44;12).
##206,Dhamira
##207,Dhamira ni kurudi kwa Kristo mara ya pili (1:7&#44;10; 2:1-3&#44; 8; 3:5).
##208,Mhitasari
##209,Kuna sura tatu&#44;ambazo kila moja inashughulika na somo la maneno ya akili:
##210,Sura 1&#8212;Na jina la Bwana Yesu Kristo litukuzwe.
##211,Sura 2&#8212;Maagizo kuhusiana na siku ya Bwana.
##212,Sura 3&#8212;Vishawishi kuhusiana na mwenendo maalumu.
##213,Jina la Bwana Yesu Kristo litukuzwe. 1:1-12
##214,&quot;Kanisa&#8230;katika Mungu Baba yetu na Bwana Yesu Kristo.&quot; 1:1
##215,&quot;Neema&#8230; na amani&quot; zilirithiwa kwa waamini. 1:2
##216,Mitume wanamshukuru Mungu kwa ajili ya ndugu zao. 1:3
##217,Paulo alikuwa na shukurani kwa sababu:
##218,Imani yao ilikuwa na kuendelea
##219,Upendo wao ulizidi kuongezeka
##220,Uvumilivu wao unadumu (1:4)
##221,Walikuwa wanaendelea katika wito wao (1:11; 2:14)
##222,Walikuwa na jambo sahihi la tumaini lao (1:5)
##223,&quot;Ufalme wa Mungu&#44; kwa ajili ya kile mnachoteseka.&quot;Walikuwa na uvumilivu kwa hiyo waliweza kutumaini. Unapo poteza uvumilivu wako unapoteza tumaini lako&#44; ushuhuda wako na ujasiri wako. Uwe imara na ujasiri mwema (Yosh. 1:6; Waefes. 6:10; II Wathes. 2:16). 
##224,Walihitaji faraja katikati ya mateso makali. 1:4-7
##225,Hukumu ijayo 1:8-10
##226,Maombi ya mtume 1:11&#44;12
##227,&quot;Kwamba jina la Bwana Yesu Kristo liweze kutukuzwa&quot;
##228,Maelezo kuhusu siku ya Bwana.
##229,Onyesha tofauti kati ya &quot;siku ya Bwana&quot; na &quot;siku ya Kristo&quot; (2:2)
##230,Maonyo dhidi ya udanganyifu (2:1-4)
##231,Kumbusho 2:5
##232,Ufunuo 2:6 &quot;sasa mnajua&quot;
##233,Kuzuia msukumo dhidi ya uovu �?? pamoja na kushikilia ufunuo kamili wa siri ya uovu kwamba tayari inafanya kazi. 2:6-9
##234,Kuendelea kwa dhambi
##235,2:10 udanganyifu �?? 2:11 madanganyo �?? 2:12 adhabu ya milele
##236,Utofauti wa kupendeza 2:13-15
##237,Walikuwa wamechaguliwa kwa wokovu (2:13). Hili ni tendo la Mungu&#44;sio la mwanadamu. Ilikuwa ni kwa njia ya utakaso wa Roho na imani ya kweli inayopatikana kwa utukufu wa Bwana wetu Yesu Kristo. Kwahiyo walipokea wokovu&#44; waliamriwa &quot;kusimama wakiwa wamejifunga&quot; (2:15).
##238,Kuomba kwa ajili ya ndugu 2:16&#44;17
##239,Wosia kuhusu tabia maalumu.
##240,Ombi kwa ajili ya maombi kwamba neno la Bwana liweze kufunguliwa na kutukuzwa 3:1
##241,Kwamba mitume waweze kuokolewa kutoka mambo yasiyo ya maantiki na watu waovu. 3:2
##242,Kwamba waamini waweze kuimarishwa na kulindwa. 3:3
##243,Maneno ya kukumbusha ya ujasiri 3:4
##244,Mwelekeo wa moyo 3:5
##245,Mioyo yetu inahitaji kuelekezwa kwasababu inaudanganyifu. Ni faida kuwa na mioyo yetu ilioelekezwa&quot;kwenye upendo wa Mungu&quot;na waweze kufanywa washirika wa uvumilivu wa Kristo. Kiongozi wa mioyo yetu ni Bwana&#44; Maana yeye anajua kilichomo ndani ya mtu (Yohn 2:25) na anazungumza na moyo (Ruth 2:13). Bwana huelekeza mioyo yetu ikiwa tu watiifu (3:4&#44; 5; 2:17).
##246,Njia ya kujitoa kutoka ndugu ambao tuko nao lakini hawaenendi kwa utaratibu. 3:6-11&#44; 14&#44;15
##247,Baadhi ya mawazo kwamba kuja kwa Bwana kumekaribia sana kiasi kwamba waliacha kufanya kazi na kuwa na mambo yanayo sumbua&#44;pasipo utaratibu na kukatamaa ya maishi doing. 3:11-13
##248,maombi ya mwisho ya Paulo 3:16-18
##250,II Wathes maswali ya kujifunza
##252,Maneno gani mawili yanayoelezea msukumo wa watu wa thesalonike kwamba walivumilia chini ya?
##254,Ni nini iliotokea katika imani yao wakati wakiwa chini ya hili shinikizo kubwa?
##256,Ni nini iliotokea katika upendo wao wakati wakiwa chini ya hili shinikizo?
##258,Ni nini iliotokea kwenye uvumilivu wao?
##260,Ni nini iliowatokea watu walio watesa?
##262,Nini hutokea unapopoteza uvumilivu wako?
##264,Orodhesha dalili tatu za kuendelea kwa dhambi.
##266,Soma I Wathes. 2:12&#44;13; II Wathes. 2:13&#44; 14 &#44;15; II Wathes. 1:5; War. 8:30 Nini wito wetu kama waamini?
##268,Toa hitaji la ombi la Paulo.
##270,Bwana huelekeza moyo wa mtiifu. Ni nini hufanya kwa mtu asie tii? (1:8)
##272,Ni njia gani Paulo aliwapa kwa ajili ya ndugu wasio enenda kwa utaratibu? (3:6-15)
##274,Nini hutokea wakati watu wema wanapo katamaa ya kuishi?
##276,II Wathes maswali ya kujifunza
##278,Ni maneno gani mawili yanayoelezea shikizo kwa watu wa Thesalonike kuwa walivumilia chini ya?
##280,Ni nini ilitokea kwenye imani yao wakati wakiwa chini ya shinikizo hili kubwa?
##282,Ni nini iliowatokea wale watu walio kuwa wanawatesa?
##284,Orodhesha dalili tatu za kuendelea kwa dhambi.
##286,Toa hitaji la maombi ya Pauo.
##288,Bwana huongoza moyo wa mtiifu.Ni nini hufanya kwa mtu asiye mtiifu? (1:8)
##290,Ni mbinu gani alizowapa Paulo kwa ajili ya ndugu wasio enenda kwa utaratibu? (3:6-15)
##292,Ni nini hutokea wakati watu wema wanapo kata tamaa ya kuishi katika hali njema?
##300,I Timotheo
##301,Utangulizi
##302,Mwandishi
##303,Paulo aliandika hii (1:1) na ilikuwa ni moja ya nyaraka tatu za kibinafisi za Paulo.
##304,Paulo aliandika nyaraka tisa kwa makanisa&#44; lakini I & II Timotheo&#44; Tito&#44; na Filimoni zilikuwa za kibinafisi. Paulo aliandika barua mbili kwa Timotheo katika Efeso. Paulo aliandika hii barua mnamo A.D. 62 kufuata kufungwa kwake ara ya kwanza huko Rumi.
##305,Kusudi la kuandika
##306,Sababu ya Paulo kuandika hii barua ilikuwa ni kumuelekeza Timotheo kama mwinjilist kijana ( II Tim. 4:5) na mwangalizi wa wachungaji&#44;maasikofu na mashemasi (1:2; 1:18; 6:20; Mndo 16:1-3; 18:5; 19:22; 20:4).
##307,Dhamira
##308,Dhamira ni mafundisho ya tahadhari na agizo maalumu kwa Kanisa (I Tim. 1:10; 6:3). Kanisa ni nuru ya katikati ambayo dunia inaiangalia na chombo ambacho kinawezesha kutangaza ukweli kuhusu Yesu kama Bwana&#44;na uchaji wa Mungu unaokabiliana na mafundisho ya uwongo kwa sauti kali&#44;mafundisho ya afya (6:3).
##309,Misitari ya ufunguo ni 3:15 na 4:16.
##310,Dondoo
##311,Sura 6
##312,Mafundisho ya tahadhari katika Kanisa 1:1-20
##313,Ibada ya kweli katika Kanisa 2:1-3:16
##314,Mhudumu mwema katika Kanisa 4:1-16
##315,Nidhamu maalumu katika Kanisa 5:1�??61
##316,Kutoka Biblia ilioeleza zaidi kwa kuwekwa wazi
##317,&quot;Timotheo wa kwanza na wa pili na Tito kwa kawaida hutambulika kama barua za kichungaji zilizo andikwa na Paulo.Zilikuwa zimeandikwa labda baada ya au (wakati mwingine mnamo A.D. 63-65) kifungo cha mara ya kwanza cha Paulo huko Rumi iliandikwa kwenye sura ya mwisho ya kitabu cha matendo (Mndo 28).
##318,Tangu hapo Vitabu vya Agano jipya havitoi hesabu ya kuenea kwa ukristo baada ya tarehe hii&#44;rejea katika barua hizi za kichungaji zinatoa msingi kwa ajili ya miondoko ya kuburuzwa ya Paulo.Yawezekana aliachiwa huru mnamo A.D. 60 au 61 na kuyatembelea makanisa ya Asia.Safari ya kwenda Makedonia&#44;Paulo alimwacha Timotheo huko Efeso (I Tim. 1:3). Paulo alikwenda Kirete &#44; hapo ndipo alipohudumu wakati akiwa huko&#44;na kisha akawaacha waamini chini ya uongozi wa Tito (Tit. 1:5) wakati huo huo akandelea kwenda Dalmatia.
##319,Barua ya kwanza kwa Timotheo huko Efeso na barua kwa Tito katika Krete zilikuwa zinaandikwa na Paulo akiwa safarini&#44;inawezekana akiwa Makedonia. Kwa kifupi baada ya barua hii nilazima alikuwa amekatwa na kupelekwa Rumi kama mfungwa&#44;huko ndiko aliko andika barua ya pili kwa Timotheo.
##320,Timotheo alizaliwa Lystra na Baba yake alikuwa Mgiriki na mama yake alikuwa myahudi (aliye mfundisha maandiko matakatifu tangu utoto). Paulo alikuja Lystra katika safari yake ya pili ya umishenari (Mndo 16:1-3)&#44; yeye alimwandikisha Timotheo&#44; ambayo alihusishwa na Paulo mpaka mwisho wa huduma yake. Timotheo mwenyewe mwishowe alifungwa lakini baadaye aliachiliwa (Waebr. 13:23).
##321,Barua ya kwanza kwa Timotheo ni mtindo wa uongofu na yakibinafsi sana. Paulo anamwagiza timotheo kuhusu sifa njema na kazi za watenda kazi mbalimbali wa Kanisa. Vile vile anatoa mwongozo kwa Timotheo katika majukumu yake binafsi&#44;kumfanya mwenye hisia na bidii na mwenye kuwajibika kama mtu wa Mungu&quot; (6:1).&quot;
##322,Mafundisho yenye hadhari katika Kanisa 1:1-20
##323,Utangulizi 1:1-2
##324,Hatua kwa hatua Paulo anampa Timotheo wajibu na kwakufanya hivyo anakabidhi na kutuagiza sisi. 1:3-11
##325,baadhi ya majukumu (1:3)
##326,Usifundishe mafundisho mengine (1:3)
##327,Kuadilisha kiungu ambayo ni katika imani (1:4)
##328,Mwisho wa sheria (1:5)
##329,wema wa moyo safi-Dhamiri njema-Imani halisi
##330,Sheria ni nzuri ikiwa mtu anaitumia kwa kuitii (1:8)
##331,Sheria imetengezwa kwa ajili ya uhalifu&#8230; kinyume cha mafundisho ya hadhari. 1:9-10
##332,Weka katika tumaini pamoja na Injli ya Utukufu. 1:11
##333,Sheria (1:1)
##334,Kupeleka ujumbe.
##335,Uadilifu (1:2&#44; 12)
##336,Neema&#44;huruma&#44;na amani
##337,Kuhutubu (1:3)
##338,&quot;Kabidhi madaraka&quot;
##339,Kupatikana kwa imani (1:12-17)
##340,Kukabidhiwa wajibu (1:18)
##341,&quot;Vita vita vizuri&quot;
##342,&quot;Shikilia imani&quot;
##343,&quot;Dhamiri njema&quot;
##344,Onyo 1:19
##345,&quot;Alifanywa baharia&quot;
##346,&quot;Wajifunze kutokumtukana Mngu&quot; 1:20
##347,Ibada ya kweli katika Kanisa 2:1 �?? 3:16
##348,Maombi 2:1-8
##349,Tabia 2:9 �?? 3:13
##350,Wanawake 2:9-15
##351,Wanaume 3:1-13
##352,Agizo la pili 3:15
##353,&quot;Wajue kuenenda iwapasavyo katika Nyumbani mwa Mungu&quot;
##354,Mhudumu mwema katika Kanisa 4:1-16
##355,Maonyo juu ya uasi 4:1-5
##356,Maelekezo kwa ajili ya mhudumu 4:6-16
##357,Usidharau karama 4:14
##358,Jitunze nafsi yako na mafundisho yako. 4:16
##359,Nidhamu maalum kanisa 5:1 �?? 61
##360,Agizo la nne 5:21
##361,Hifadhi mambo haya bila kuacha hata moja.&quot;
##362,Agizo la tano 6:20
##363,&quot;Tunza kile ulichoshirikishwa katika tumaini lako.&quot;
##400,I Timotheo maswali ya kujifunza
##402,Vitu gani vitatu ambavyo vinamfanya Paulo anahudumu kwa amri ya Mungu? (1:1-2)
##404,Katika msitari 1 tunahudumu kwasababu yeye ni taraja letu 
##406,Ni nini mwisho sheria?
##408,Toa maelezo mazuri ya kuchepuka toka mafundisho ya Biblia.
##410,Kujua sheria ilio andikwa katika Biblia ni kwa ajili ya wale wanaishi maisha ya kupingana na mafundisho yenye tahadhari&#44;ni wapi sheria iliandikwa kwa ajili ya wenye haki?
##412,Paulo&#44;kama Sauli&#44;alipokuwa kabla mjadhambi (1:13)&#44; alifanyika mwalimu (2:7). Ni somo gani lililokuwa moja ya masomo yake? (1:20)
##414,Jinsi gani Paulo anaelezea katika 1:16 uzoefu wake wa wokovu?
##416,Ni nini kilichoshirikishwa katika tumaini la Paulo?
##418,NI nini ilio nzuri ya kukubalika katika uwepo wa Mungu mwokozi wetu? (2:2)
##420,Elezea mikunjo miwili ya wito wa watu wote . (2:4)
##422,Mtu amepewa jukumu kuwa katika yote 
##424,Je wewe kibinafsi una hamu ya mambo yote kufanya kazi katika kanisa ambalo Mungu amekuweka?
##426,Jinsi gani mtu mkamilifu anapo tamani na kupata ile sehemu katika huduma? (1:11-19; 2:1-2; 2:8-10; 3:1-13)
##428,Ni nini ambayo Mungu hutumia kuuonyesha ulimwengu ukweli? (3:15)
##430,Wakati ukweli wa kiungu umekuwa siri kwa muumini wa kukiri na ulimwengu mzima unakuwa katika shida. je Roho anaielezeaje hali hii? (3:15-16; 4:1-3)
##432,Je tunapaswa kufanya nini&#8230;
##434,Mzee? (5:1&#44; 7-8&#44; 17-21)
##436,wanawake wazee? (5:2-7&#44; 16&#44; 21)
##438,Vijana? (5:1&#44;7&#44; 20-21)
##440,Wanawake vijana? (5:2&#44; 7&#44; 20-21)
##442,Wajana? (5:3-7&#44; 9-16&#44; 21)
##444,Kuna mmoja wapo wa hawa anayetenda dhambi? (5:20)
##446,Wale tunaowatumikia? (6:1&#44; 2)
##448,Fedha? (6:6-11&#44; 17-19)
##450,Toa hesabu ya kile kilichotolewa kwa ajili ya tumaini lako. (1:11; 6:20&#44; 21)
##452,Linganisha 1:6&#44; 6:10&#44;21 na 1:19 kuhusiana na kufanya vibaya na kuwekwa mbali.
##454,I Timotheo maswali
##456,Ni mambo gani matatu ambayo Paulo anahudumu kwa amri ya Mungu? (1:1-2)
##458,Katika msitari wa 1 tunahudumu kwasababu yeye ni mwokozi wetu.katika msitari wa 2 tumehudumiwa kwasababu yeye ni mwokozi wetu?�_________________.?�__
##460,Ni nini mwisho wa amri?
##462,Toa maelezo mazuri ya kuchepuka kutoka mafundisho mema.
##464,Jinsi gani Paulo anaelezea katika msitari 1:16 muonekano wa wokovu wake?
##466,Ni nini ilioshirikishwa kwa tumaini la Paulo?
##468,Ni nini ilionjema na kukubalika mbele za Mungu mwokozi wetu? (2:2)
##470,Elezea sehemu mbili za wito wa watu wote. (2:4)
##472,NI nini ambayo Mungu hutumia kuonyesha ulimwengu ukweli? (3:15)
##474,Jinsi gani tunawachukulia wanawake wazee? (5:2-7&#44; 16&#44; 21)
##476,Ziada: Jinsi gani tunawachukulia wale tunaowatumikia? (6:1&#44; 2)
##500,II Timotheo
##501,Utangulizi
##502,Mwandishi
##503,Kama ilivyo kwa I Timotheo&#44; hii barua pia iliandikwa na Paulo (1:1).
##504,Kusudi la kuandika
##505,Timotheo alikuwa tayari ameagizwa kulinda kile kilicho kabidhiwa kwake (I Tim. 4:11-16; 6:20)&#44; na sasa Paulo aliandika hii barua kumtia Timotheo moyo kusimama katika vitu ambavyo tayari alimfundisha na kumpa uongozi imara wa kikiristo (1:6-7; 2:1; 3:10-17; 4:1-5). Paulo alimshauri kupigana vita vya kiroho dhidi ya uovu kwa njia ya nguvu za Roho mtakatifu (1:7).
##506,Dhamira
##507,Dhamira ni uaminifu kwa Bwana na ukweli katika mtazamo wa mateso na kushawishi na ukanaji (1:8&#44; 12&#44; 16; 2:15).
##508,UtanguliziI (Biblia iliofafanuliwa):
##509,Paulo tena alikuwa amefungwa katika Roma (A.D. 66-67) chini ya Nero kwa wakati huo aliandika hii barua. Baada ya kuandika barua yake ya kwanza kwa Timotheo&#44; labda kutoka Macedonia&#44; inaonekana labda kwamba Paulo alikuwa amekamatwa ya wezekana Troa au Nikapoli (Tit. 3:12) na kurudi gerezani Roma.
##510,Katika hii barua Paulo anaonekana kuhisi kwamba furusa zake kwa ajili ya kuhubiri injili zinaenda kukoma (4:6-8). Yeye ni mpweke&#44;na anamtaka sana Timotheo kujiunga naye (4:9&#44; 21). Anajaribu kumtia moyo na kumuimrisha Timotheo kwa ajili ya kazi kuu aliomkabidhi. Paulo anakwenda mbio kumuona Tena&#44;kumuomba kuleta vitabu na karatasi za ngozi alizoziacha Troa. Paulo vilevile anamonya Timotheo dhidi ya watu ambao wanamuudhi katika huduma yake. Kumtaka Timotheo kudumisha mafundisho ya tahadhari&#44; Paulo anaelezea ujasiri wake binafsi na imani katika Kristo.
##511,Dondoo
##512,Kuna sura nne katika waraka huu&#44;ambazo zimegawanyika katika sehemu tano zote zina shughulika na uaminifu:
##513,Uaminifu wa Paulo (1:1-4)
##514,Uaminifu wa Timotheo (1:5)
##515,Uaminifu wa watumishi (1:6-18)
##516,Uaminifu kwa ajili kumtumikia Bwana (2:1-3:17)
##517,Uaminifu katika washirika wahakika wa kanisa (4:1-22)
##518,Uaminifu wa Paulo (1:1-4)
##519,Alikuwa mwaminifu katika kuhubiri&#44;kuhudumu&#44;na kufundisha (1:1&#44; 11)
##520,Paulo alikuwa ameenda karibu ulimwengu wote kuhubiri injili ya uzima kwa kila kiumbe aliweza katika safari tatu za kimishenari zilizo gawanyika. Alikuwa tayari amesha simama mbele ya kaisari na alikombolewa (II Tim. 4:16-18; 4:6-8). Haijalishi kuhusiana na kazi mbovu&#44;Mungu atanihifadhi katika ufalme wake&#44; (4:18).
##521,Alikuwa mwaminifu katika kuomba (1:3&#44; 6)
##522,Alikuwa mwaminifu katika kutumika (1:3)
##523,Alikuwa mwaminifu katika shauku (1:4)
##524,Uaminifu wa Timotheo (1:5)
##525,Siku zake za mwanzo za imani (1:5)
##526,Alikuwa kipenzi kwa mama yake kwasababu ya imani yake na hiari ya kujifunza (3:14; 1:2)
##527,Paulo siku zote alimkumbuka Timotheo (1:3&#44; 5)
##528,Alionewa shauku na paulo (1:4&#44; 4:9&#44; 13&#44; 21)
##529,Uaminifu wa watumishi (1:6-18)
##530,Watumishi lazima wawe waaminifu katika chuki ya mateso yote watakayoteseka.
##531,Washa tena mwako wa moto (1:6)
##532,Kuteketeza na kuangaza kwa nguvu ya kiwango cha juu
##533,Waraka ulio hai
##534,Kama kuangaza
##535,Moto wenye kuwaka
##536,Mungu ametupa Roho wake (1:7)
##537,Roho wa imani (II Cor. 4:13)
##538,Roho wa nguvu
##539,Roho wa upendo
##540,Roho wa akili timamu
##541,Chukua sehemu ya mateso (1:8)
##542,Sababu ya mateso ya nayositahili kwa ajili ya (1:12)
##543,Rafiki anaye sitahili kushiriki pamoja (1:16; 2:8-12)
##544,Mateso ya injili kulingana na nguvu ya Mungu (1:8; 3:5&#44; 11&#44; 12)
##545,Vumilia mateso (4:5&#44; 10-18; 2:3)
##546,Kwa yeye iwe utukufu milele na milele amini (4:18)
##547,Uaminifu katika utumishi kwa ajili ya Bwana (2:1-3:17)
##548,Uwe imara katika neema ambayo iko katika Kristo Yesu (2:1)
##549,Shirikisha ukweli kwa watu waaminifu ambao wata weza kuwafundisha wengine vilevile (2:2)
##550,Kama asikari mwema (2:3)
##551,Kama mkimbiaji katika shindano la mbio (2:5)
##552,Kama mkulima (2:6)
##553,Sio mtenda maovu bali dhiki ya mateso kama mtenda maovu (2:9)
##554,Kama mtenda kazi (2:15)
##555,Chombo chenye heshima (2:21)
##556,Wito kwa Bwana wa moyo wetu safi (2:22)
##557,Kama mtumishi mpole
##558,Chanzo cha ushindi katika wakati wa hatari kubwa (3:1-17)
##559,Uaminifu kwa washirika wa hakika wa kanisa (4:1-22)
##560,Mausia ya mwisho ya Paulo kwa Timotheo (4:1-18)
##561,Salamu za mwisho kwa baadhi ya watu ambao yeye hata waona mpaka mbinguni (4:19)
##562,Taarifa juu ya Erasto na Trofimo (4:20)
##563,Salamu za kufunga na baraka (4:21&#44; 22)
##564,Tito
##565,Utangulizi
##566,Mwandishi
##567,Barua hii ya Paulo ni kwa kijana Tito. Kama Timotheo&#44; Tito alikuwa ameletwa kwa Kristo mapema chini ya huduma ya mtume Paulo (tazama Tito 1:4 na wagalatia 2:3). Tito alikuwa Greek na anaonekana kuwa anasaidiana na Paulo na Barnaba kwenye shauri huko Yerusalemu mahali ambapo kuliwa na shida ya uhusiano wa watu wa mataifa kwenye sheria iliokuwa imeshughulikiwa (tazama Matendo 15).
##568,Kusudi la kuandika
##569,Katika II Wakorinto tunajifunza kwamba Tito alikuwa ametumwa na mtume Paulo kukusanya matoleo kwa ajili ya hitaji la watakatifu huko Yerusalemu.Sio tu Tito alifanya kazi nzuri ya kukusanya matoleo&#44;bali pia alimpa Paulo hesabu ya matokeo ya barua yake ya kwanza kwa wakristo walioko Korinto. Barua kwa Tito ilimjia wakati akiwa katika kuhudumia kwenye kisiwa cha Crete. Paulo na Tito walitembelea kisiwa hiki na Paulo alimwacha Tito pale ilikubeba kazi ya injili. Tito yawezekana hakukaa katika kisiwa kwa mda mrefu sana&#44; kwa ajili ya barua hii tuna ombi la Paulo kwamba Tito akutane naye huko Nikopoli (tazama 3:12).
##570,Paulo anamwandikia Tito kumpa maelekezo maalumu kama kwa watu wema ambao wanasifa za kuwa viongozi na maisha ambayo wengi wangeyaishi wote ambao wameokolewa na neema ya Mungu.
##571,Dhamira
##572,Maishi ya kiMungu ya muumini huzalisha kazi njema.
##573,Dondoo
##574,Kuna sura tatu&#44;ambazo zaweza kugawanywa katika sehemu tatu:
##575,Maelekezo kwa viongozi wa Kanisa (1:1-16)
##576,Maelekezo kwa washirika wa Kanisa (2:1-10)
##577,Maelekezo kwa Tito (2:11-3:11)
##578,Maelekezo kwa ajili ya viongozi wa Kanisa (1:1-16)
##579,Utangulizi (1:1-4)
##580,Sifa za viongozi (1:5-9)
##581,Kutolaumiwa 
##582,Mme wa mke moja
##583,Watoto waaminifu
##584,Wasio shitakiwa kufanya fujo na wakaidi
##585,Wasio shitakiwa kutenda matakwa ya kibinafsi au kujipendeza binafsi
##586,Wasio elekea kwenye hasira
##587,Wasio lewa
##588,Asie mgomvi
##589,Asie na tamaa ya fedha
##590,Mkarimu
##591,Mpenda mema
##592,Mtu wa akili yenye hadhari
##593,Mwenye Haki
##594,Msafi
##595,Mwenye kujitawala
##596,Mwenye kushika neno (mwalimu)
##597,Tabia za kutokuamini (1:10-16)
##598,Kama mtu anaongoza kikamilifu katika Kanisa&#44; kisha anahitaji kujua tofauti kati ya kondoo na mbuzi&#44;kwamba tofauti kati ya wale waliozaliwa mara ya pili na wanataka kumtumikia Mungu na wale ambao hawaja zaliwa mara ya pili na wanataka kusababisha matatizo.tunaona orodha hapa ambayo itatu saidia nani asie mtumikia Bwana.
##599,Kaidi
##600,Wasemaji wasio na kazi
##601,Waongo
##602,Wanaotafuta mapato ya aibu
##603,Walaghai 
##604,Wanyama waovu
##605,Walafi wazembe
##606,Kufuata kauli za uongo
##607,Wanao mkana Mungu kwa matendo yao
##608,Wenye kuchukiza
##609,Wasio na utii
##610,Wasio na sifa njema
##611,Maelekezo kwa ajili ya washirika wa Kanisa (2:1-10)
##612,Kwa ajili ya wazee 2:1-2
##613,Wenye kiasi
##614,Mwenye kusitahi (mtu makini)
##615,Wa akili yenye hadhari
##616,Mwenye afya katika imani
##617,Mwenye afya katika upendo
##618,Mwenye afya katika uvumilivu
##619,Kwa ajili wanawake wazee 2:3-4
##620,Tabia ya kiungu&quot;mwenendo unaoleta utakatifu&quot;
##621,Sio mwenye kukashifu
##622,Sio mtumwa wa kileo
##623,Mwalimu wa mema
##624,Kuongoza wanawake vijana kwenye akili ya hadhari
##625,Kwa ajili ya wanawake vijana 2:4-5
##626,Wa wapende waume zao
##627,Wa wapende watoto wao
##628, Uwe na akili ya hadhari
##629,Wasio najisiwa 
##630,Watendakazi njema nyumbani
##631,Watiifu kwa waume zao wenyewe
##632,Kwa ajili ya vijana wakiume 2:6-8
##633,Wa akili ya tahadhari
##634, Matendo mema
##635,Wasio sababisha ghasia
##636,Wenye kusitahi
##637,&quot;maneno ya mazungumzo&quot; yenye hadhari ambayo hayawezi kuhukumiwa
##638,Watumishi 2:9-10
##639,Wenye kutii mabwana zao kwa mambo yote
##640,Wenye kupendeza -vema
##641,&quot;kujibu tena&quot;na kusema tena&#44; Sio kuzungumza kinyume au kujibu kinyume
##642,Asie mnyang&apos;anyi
##643,(kuchukua vitu - kuiba kutoka mkuu wa kazi-kutegea au vitu)
##644,Kuwa mwaminifu
##645,Maelekezo kwa ajili ya Tito (2:11-3:11)
##646,Zungumza neema ya Mungu na kusudi
##647,Lazima tujikane na hali ya kutokuwa na Mungu na tamaa za kidunia
##648,Lazima tuishi kwa busara&#44; katika ulimwengu sasa;kwa haki&#44; na kiungu
##649,Lazima tutafute kuwa wabarikiwa na kufanywa wamoja naye
##650,Tuwe wakereketwa wa matendo mema
##651,Kumbusha wa amini (3:1-8)
##652,&quot;Waweke katika ufahamu&quot;
##653,Kuwa mtiifu kwa watawala
##654,Kutii
##655,Kuwa tayari kwa kila kazi njema
##656,Kutosema lolote lili ovu
##657,Kuwa mtu wa amani
##658,Kuwa mpole
##659,Kuonyesha unyenyekevu wote
##660,Kukumbuka kile ulichokuwa kabla
##661,Kukumbuka kile Mungu mwokozi wetu alichofanya kwa ajili yetu kwa wingi
##662,Kiri kwa kuendelea kwamba kazi njema zinahitajika kuwa kielelezo cha maisha yetu
##663,&quot;vitu hivi ni vizuri na vyafaa kwa watu&quot;
##664,Epuka vitu hivi (3:9-11)
##665,Mabishano ya ujinga
##666,Hadhithi za kizee
##667,Ungomvi
##668,Mahojiano kuhusu sheria
##669,wasio faa na watu wa bure
##670,Tito 3:10-11 Mtu ambaye ni mzushi baada ya onyo la kwanza na pili mkatae ; ukijua ya kuwa mtu kama huyo amepotoka&#44; tena atenda dhambi&#44; maana amejihukumu hatia yeye mwenyewe.
 .
##671,Kazi ya kumthibitishia kosa lake;lakini kama hatapokea maelekezo&#44;kama atakuwa amefunga moyo wake dhidi ya wongofu&#44;umuepuke.usimuumize kimwili &#44;nafsi&#44;tabia&#44;au kimali;usishikilie kisasi;mwachie Mungu.
##672,Maneno ya mwisho (3:12-15)
##673,Njooni kwangu (3:12)
##674,Mtume Zena na Apolo (3:13)
##675,Jifunze kudumisha matendo mema (3:14)
##676,salamu (3:15)
##700,Tito Kujifunza maswali
##702,Jinsi gani mtu anakuwa mtumishi wa Mungu? (1:1)
##704,Ni ahadi gani Mungu aliitoa kabla ya mwanzo wa dunia? (1:2)
##706,Kwa sababu ipi Tito aliachwa Krete? (1:5)
##708,Ni aina gani ya uongozi ambayo makanisa ya Krete yamepungukia? (1:5)
##710,Kwa nini walimu wa uwongo wanashughulika kusambaza uwongo? (1:11)
##712,Jinsi gani wakristo huwajibu waalimu wa uwongo ? (1:13)
##714,walimu wa uwongo wa kiyahudi hubadilisha kile ambacho ni kwa ajili ya amri ya Mungu? (1:14)
##716,Ni nini ambacho walimu wa uwongo hutangaza juu ya wokovu? (1:16)
##718,Jinsi gani&#44;katika utambuzi&#44;humkana Mungu? (1:16)
##720,Ni nini iliokuwa hulka ya mahubiri ya Tito? (2:1)
##722,Ni katika njia gani Tito anafanya mahubiri yake kuwa na utendaji? (2:7)
##724,Jinsi gani mtumishi kutenda kwa kuelekea huduma yake? (2:9)
##726,Kwa nini mtumishi anatakiwa kuwa mtiifu katika huduma yake? (2:10)
##728,Orodhesha sifa ambazo lazima ziwepo kwa wale ambao wamempokea Kristo kibinafsi kama mwokozi. (2:12)
##730,Je tukio gani kubwa ambalo mkiristo analitazamia kwa sasas? (2:13)
##732,Kwa nini Yesu anakuja duniani? (2:14)
##734,Ni nini ambacho chatakiwa kuwa cha tabia ya mazumngumzo ya mkristo? (3:2)
##736,Jinsi gani tabia zetu zinapelekea mazungumzo? (3:2)
##738,Ni aina gani ya tabia iliohusika nasi kabla ya kuokoka? (3:3)
##740,Nani aliebadilisha misimamo yetu na tabia? (3:4)
##742,Ni uhusiano gani unafanya matendo yetu kupelekea na wokovu wetu? (3:5)
##744,sifa ipi ya kiasili ya Mungu ambayo moja kwa moja inahusiana na wokovu wetu? (3:5)
##746,Jinsi gani wale ambao wamemwamini Mungu wanatakiwa kuonyesha imani yao? (3:8)
##748,Ni aina gani ya mazungumzo ni yakuepukwa kama isipofaa? (3:9)
##750,Jinsi gani mfanya uzushi anavyotakiwa kushughulikiwa? (3:10)
##752,Andika: maneno ya mwisho ya Paulo ni mausia mengine kwa &quot;kudumisha matendo mema.&quot;Haya maneno yaliandikwa wakati Paulo akiwa huru na kutuonyesha kwamba barua hii iliandikwa kabla ya 11 Timotheo.ile baraka ya ajabu lazima iwe kwa vijana wale wawili yaani Timotheo na Tito&#44;kuwa na baba wa imani aliowapata juu ya huduma zao kwa ajili ya Bwana.
##754,Maswali katika kitabu cha Tito
##756,Jinsi gani mtu anakuwa mtumishi wa Mungu? (1:1)
##758,Ni nini ambayo Mungu aliahidi kabla ya dunia kuumbwa? (1:2)
##760,Kwasababu ipi Tito aliachwa Krete? (1:5)
##762,Jinsi gani wakristo huwajibu walimu wa uwongo? (1:13)
##764,Walimu wa uwongo wa kiyahudi huweka nini badala ya&#44;kwenye amri za Mungu? (1:14)
##766,Ni nini iliopelekea tabia ya kuhubiri ya Tito? (2:1)
##768,Kwa ajili ya tukio gani kuu ambalo wakristo wanalitazamia kwa sasa? (2:13)
##770,Kwa nini Yesu alikuja duniani? (2:14)
##772,Uhusiano gani hupelekea matendo kuwa na wokovu wetu? (3:5)
##774,Jinsi gani wale waliomwamini Mungu wanatakiwa kuonyosha imani yao? (3:8)
##776,Nyongeza:Jinsi gani mzushi anapaswa kushughulikiwa? 3:10
##800,Filimoni
##801,Utangulizi
##802,Mwandishi
##803,Tunaona kutoka msitari wa kwanza kwamba hii barua iliandikwa na Paulo mtume.
##804,Kusudi la kuandika
##805,Paulo aliandika hii barua kwa Filimoni kumtetea Onesimo&#44;mtumwa mkimbizi.
##806,Dhamira
##807,Dhamira ya waraka huu ni tabia ya mkristo.
##808,Dondoo
##809,Kuna sura moja tu katika kitabu cha Filimoni&#44;ambayo inaweza kuelezwa kwa mhitasari katika njia mbili:
##810,Barua binafsi ya maombezi
##811,Salamu (1:1-17)
##812,Jambo la ushuhuda tabia iliobadilika ya onesimo (1:10&#44;11)
##813,Ombi kwa ajili ya msamaha (1:12-19)
##814,Ahadi ya kufanya vizuri kuhusu hasara (1:18&#44;19)
##815,Hekima kubwa na unyenyekevu uliotumika (1:20&#44; 21)
##816,Ombi la Paulo (1:22)
##817,Maoni ya kumalizia (1:23-25)
##818,Kielelezo cha njia ya injili
##819,Changamoto ya kuwa mtumishi kama Yesu alivyokuwa
##820,Baraka nne za ajabu za ukristo wa matendo
##821,Ujumbe wa ukombozi wa wakati wa mwisho
##822,Kwa ajili ya upekee wa somo hili&#44;tuta angalia kwa njia ya pili ya kudondoa barua hii.
##823,Changamoto ya kuwa mtumishi kama Yesu alivyo kuwa
##824,Kubali changamoto ilikuwaa kama Yesu yaani kuwa mtumishi mnyenyekevu.
##825,Kuwa kama Paulo&#44; mtumishi kwa watumishi
##826,Katika msitari wa kwanza tunamuona Paulo anajiita mwenyewe kuwa ni mfungwa wa Yesu Kristo.&quot;Shauku yake ilikuwa ni kuyafanya mapenzi ya Mungu haijalishi kile kilicho mtokea&#44;kwenye wakati huu&#44;tunamuona yuko ndani ya nyumba chini ya ulinzi kwa sababu ya utii wake kwa Bwana.
##827,Onesimo alikuwa mtumwa aliyemtoroka Filimoni. Paulo alikutana na Onesimo huko Rumi na yaelekea alikuwa mtu mashuhuri katika kuongoka kwake kwenda ukristo. Paulo alikuwa sasa anamtuma Onesimo kumrudia bwana wake.
##828,Hatuwezi kunukuu kwa hakika kile kinacho mchukiza Paulo kwa kurejea kwenye msitari 18&#44;lakini kwa vyovyote Onesimo alichokifanya kwa Filimoni&#44;alikuwa na hiari ya kufanya kuonyesha hali Paulo.alikuwa mpatanishi (1: 8-11)! Hii sifa ya asili inatakiwa kuendelezwa katika watumishi wote wa Mungu (Waebrania 12:14&#44; 15; Yakobo 3:17-18; Matt. 5:9). Tunakiwa kuwa watendaji katika kusaidia tofauti na kuzitatua. kama unautambuzi wa wale ambao wanashindwa kufanya jambo lolote&#44;fanya kila uwezavyo uwasaidie waunganishe tena. Fanya amani na kisha linda amani.
##829,Filemoni 1:9 lakini&#44; kwa ajili ya upendo nakusihi&#44; kwa kuwa ni kama nilivyo&#44; Paulo mzee&#44; na sasa mfungwa wa Kristo Yesu pia.
##830,Ikawa kama Onesimo&#44;amekuwa ndugu wa watumishi
##831,Filemoni 1:10 Nakusihi kwa ajili ya mtoto wangu niliyemzaa katika vifungo vyangu&#44; yaani&#44; Onesimo;Mwepesi wa kutenda mapenzi ya Mungu ni mwenye mamlaka (Mat. 5:4; Mndo 19:18-20; 1 Wathesalonike. 1:7-10; 2:13; Zabr 24:3-6). 
##833,Filemoni akawa kama&#44;mtumishi mfuasi
##834,Filemoni 1:1 Paulo&#44; mfungwa wa Kristo Yesu&#44; na Timotheo aliye ndugu yetu&#44; kwa Filemoni mpendwa wetu&#44; mtenda kazi pamoja nasi&#44;
##835,Filemoni alikuwa mkristo na kuwa na uraia wa kununua na kujiruhusu mwenyewe kuandaa mfano mkuu wa ukristo kwa wengine. ukiristo safi uliotakiwa katika nyumba yake (1:2)&#44; ukristo uliwa ongoza marafiki zake (1:2&#44; 5)&#44; na ukristo uliwaongoza bidii zake (1:1). 
##836,Kubali hii changa moto na hata zaidi (Wag. 6:14; Mat. 5:13-16; I Pet. 4:15). 
##837,Baraka nne za ajabu za ukristo wa matendo
##838,kuna baraka nne za ajabu za maisha yako yakila siku katika ukristo wa matendo.
##839,&quot;Furaha kuu na zawadi ya kufiriji katika upendo wako&quot;
##840,Filemon 1:7 Maana nalikuwa na furaha nyingi na faraja kwa sababu ya upendo wako&#44; kwa kuwa mioyo ya watakatifu imeburudishwa nawe&#44; ndugu yangu.
##841,Madhara makubwa kwa ajili marafiki
##842,Filemon 1:17 Basi kama ukiniona mimi kuwa mshirika nawe&#44; mpokee huyu kama mimi mwenyewe.
##843,Matokeo makuu ya amani ya ndani wakati mtu amemtumaini Mungu kujali kwake na kuwaleta watu pamoja.
##844,Philemon 1:15 Maana&#44; labda ndiyo sababu alitengwa nawe kwa muda&#44; ili uwe naye tena milele;
##845,Kuna faida isiobadilika kutoka undugu wa kikristo
##846,Philemon 1:20 Naam&#44; ndugu yangu&#44; nipate faida kwako katika Bwana; uniburudishe moyo wangu katika Kristo. 
##847,Ujumbe wa ukombozi wa wakati wa mwisho
##848,Ukombozi kwa njia ya Yesu kristo
##849,Filemon 1:3 Neema na iwe kwenu&#44; na amani&#44; zitokazo kwa Mungu&#44; Baba yetu&#44; na kwa Bwana Yesu Kristo.
##850,Philemon 1:19 Mimi Paulo nimeandika kwa mkono wangu mwenyewe&#44; mimi nitalipa. Sikuambii kwamba nakuwia hata nafsi yako.
##851,Huu ni mfano wa Paulo kwamba Mungu hutumia kufunua ukweli wa kiungu wa ukombozi.kila mtu ni mali ya Mungu&#44;na neema hutolea kwetu sahihi kutenda kwa njia ya Kristo. Deni zote huwekwa katika hesabu ya Kristo. hatimaye tuwe wenye kupokelewa na Baba.